order_id,order_date,customer_id,product_id,quantity,total_amount
1,2024-01-04,50,3,1,133.87
2,2024-01-06,189,5,5,666.75
3,2024-02-24,442,32,5,2127.25
4,2023-06-22,188,31,5,645.3
5,2023-11-08,195,43,8,599.52
6,2023-08-08,27,30,1,51.57
7,2024-10-26,434,17,5,1563.35
8,2023-09-09,252,7,2,307.2
9,2024-02-03,364,35,1,127.17
10,2023-10-09,382,19,1,346.89
11,2023-05-28,186,5,1,133.35
12,2023-04-05,479,18,4,727.36
13,2024-12-17,468,48,3,123.87
14,2024-02-07,137,30,2,103.14
15,2023-02-01,74,4,1,8.18
16,2024-10-13,356,12,1,293.43
17,2023-06-02,459,29,3,152.85
18,2024-05-17,140,7,1,153.6
19,2024-09-30,96,50,1,15.67
20,2023-10-30,480,49,1,479.7
21,2023-11-26,174,8,3,578.07
22,2024-05-04,294,32,1,425.45
23,2023-03-28,51,3,1,133.87
24,2024-08-04,104,20,1,197.22
25,2024-09-08,415,43,1,74.94
26,2024-12-07,490,34,3,176.13
27,2023-08-29,114,24,1,318.78
28,2024-01-31,348,17,2,625.34
29,2024-09-26,166,15,1,121.06
30,2023-07-01,71,47,2,72.3
31,2024-05-03,281,12,1,293.43
32,2024-05-07,217,45,1,405.31
33,2023-09-20,186,40,1,346.19
34,2024-07-14,314,1,1,315.67
35,2024-07-20,341,27,2,282.6
36,2023-10-25,410,14,1,156.41
37,2024-07-28,484,46,1,425.62
38,2024-10-09,207,23,1,287.11
39,2023-04-22,301,10,2,68.54
40,2023-01-05,49,46,1,425.62
41,2024-08-21,425,47,3,108.45
42,2024-12-19,87,11,4,1656.04
43,2024-05-21,146,27,1,141.3
44,2023-10-15,241,13,1,499.15
45,2023-05-27,22,32,1,425.45
46,2023-09-08,179,49,4,1918.8
47,2024-09-05,242,1,4,1262.68
48,2023-04-24,64,30,5,257.85
49,2024-06-18,230,27,2,282.6
50,2023-12-25,410,13,4,1996.6
51,2024-02-16,23,43,1,74.94
52,2024-12-10,33,4,5,40.9
53,2023-11-19,468,17,8,2501.36
54,2023-08-11,160,30,2,103.14
55,2023-07-04,52,26,4,826.76
56,2024-11-02,108,6,4,1605.6
57,2023-05-31,290,45,4,1621.24
58,2023-07-30,144,15,1,121.06
59,2024-03-03,277,21,1,123.2
60,2023-11-02,273,11,3,1242.03
61,2023-05-22,66,41,1,400.9
62,2024-01-08,220,40,1,346.19
63,2024-02-28,237,3,1,133.87
64,2023-10-29,204,21,4,492.8
65,2024-05-03,351,1,1,315.67
66,2024-01-24,230,21,1,123.2
67,2024-12-25,296,43,2,149.88
68,2023-01-01,7,49,1,479.7
69,2024-06-17,204,15,4,484.24
70,2023-01-08,224,38,1,280.39
71,2024-01-23,266,50,2,31.34
72,2024-12-12,94,28,4,220.32
73,2024-08-19,298,2,1,225.34
74,2024-12-09,385,25,5,1018.95
75,2023-06-25,243,40,3,1038.57
76,2024-03-17,9,1,2,631.34
77,2024-07-17,69,32,1,425.45
78,2024-02-09,495,29,5,254.75
79,2024-09-16,204,27,1,141.3
80,2023-03-04,78,6,1,401.4
81,2024-06-02,355,49,3,1439.1
82,2023-11-22,368,41,2,801.8
83,2024-02-19,114,33,1,321.26
84,2024-12-08,278,38,3,841.17
85,2024-07-06,253,9,1,304.1
86,2024-10-01,62,37,1,437.53
87,2024-04-13,49,20,1,197.22
88,2024-11-02,257,3,3,401.61
89,2024-02-06,492,7,4,614.4
90,2023-04-07,41,5,1,133.35
91,2023-07-03,215,19,5,1734.45
92,2023-06-12,344,36,4,303.96
93,2024-07-02,77,42,1,357.41
94,2024-01-21,445,5,1,133.35
95,2023-06-30,481,3,3,401.61
96,2023-06-19,291,27,3,423.9
97,2024-11-26,64,40,4,1384.76
98,2024-09-14,348,11,1,414.01
99,2024-02-22,256,45,1,405.31
100,2024-08-31,172,11,2,828.02
101,2024-09-23,389,17,1,312.67
102,2024-08-07,253,20,1,197.22
103,2024-07-15,351,2,1,225.34
104,2024-10-28,383,24,1,318.78
105,2023-02-12,278,50,1,15.67
106,2023-09-13,484,9,1,304.1
107,2024-01-22,185,43,1,74.94
108,2023-06-11,335,3,3,401.61
109,2024-08-21,304,24,1,318.78
110,2024-10-28,48,3,1,133.87
111,2023-08-10,354,38,5,1401.95
112,2023-05-24,212,7,1,153.6
113,2023-04-22,455,22,1,419.03
114,2023-07-20,369,6,1,401.4
115,2023-05-29,67,38,4,1121.56
116,2023-04-27,63,49,2,959.4
117,2024-09-22,323,45,1,405.31
118,2023-05-16,190,3,1,133.87
119,2024-04-30,159,19,5,1734.45
120,2024-01-25,205,12,3,880.29
121,2023-06-09,75,24,2,637.56
122,2024-11-18,195,39,3,301.02
123,2023-07-14,93,33,1,321.26
124,2024-07-03,103,50,1,15.67
125,2024-10-14,108,50,1,15.67
126,2024-12-19,396,5,4,533.4
127,2024-05-21,263,44,4,1579.12
128,2024-01-31,169,12,3,880.29
129,2023-08-26,56,6,1,401.4
130,2023-03-08,109,43,1,74.94
131,2023-07-05,378,45,1,405.31
132,2023-01-10,367,41,1,400.9
133,2023-06-27,362,41,6,2405.4
134,2023-07-14,355,3,1,133.87
135,2023-07-06,483,15,2,242.12
136,2023-10-19,206,18,1,181.84
137,2023-10-05,249,6,4,1605.6
138,2024-10-26,483,25,1,203.79
139,2024-11-26,306,48,4,165.16
140,2024-12-18,356,33,3,963.78
141,2023-08-18,132,25,1,203.79
142,2024-08-23,201,1,5,1578.35
143,2023-01-29,60,34,5,293.55
144,2023-01-20,334,42,1,357.41
145,2024-03-07,106,41,1,400.9
146,2024-01-27,171,28,1,55.08
147,2024-08-05,111,7,3,460.8
148,2023-06-22,430,3,6,803.22
149,2023-12-31,237,35,4,508.68
150,2024-10-06,37,4,1,8.18
151,2024-07-16,154,16,4,1426.0
152,2023-05-29,438,37,1,437.53
153,2023-12-31,406,38,2,560.78
154,2024-11-11,85,26,3,620.07
155,2024-12-26,424,16,8,2852.0
156,2023-09-28,479,8,3,578.07
157,2024-07-10,116,3,1,133.87
158,2024-07-18,188,46,1,425.62
159,2023-12-26,72,13,5,2495.75
160,2024-06-20,100,14,4,625.64
161,2023-10-08,284,49,4,1918.8
162,2024-08-11,78,26,1,206.69
163,2023-07-15,25,7,1,153.6
164,2024-01-25,30,23,1,287.11
165,2023-08-06,49,16,4,1426.0
166,2024-11-18,26,4,2,16.36
167,2024-10-31,433,41,1,400.9
168,2024-12-01,461,37,6,2625.18
169,2024-07-19,98,47,4,144.6
170,2023-08-26,396,8,2,385.38
171,2023-01-04,367,48,1,41.29
172,2023-05-06,401,44,1,394.78
173,2023-05-20,302,17,1,312.67
174,2023-06-07,421,3,2,267.74
175,2024-01-27,202,49,5,2398.5
176,2023-10-10,483,10,1,34.27
177,2024-12-24,266,28,4,220.32
178,2024-12-06,206,44,2,789.56
179,2023-10-09,92,21,1,123.2
180,2023-03-16,73,36,1,75.99
181,2024-09-11,362,40,1,346.19
182,2024-11-08,297,14,3,469.23
183,2023-04-30,439,36,1,75.99
184,2023-08-23,103,38,1,280.39
185,2024-11-10,104,20,4,788.88
186,2023-10-05,451,18,1,181.84
187,2023-05-23,159,22,1,419.03
188,2024-06-30,322,11,3,1242.03
189,2023-02-15,331,15,1,121.06
190,2023-06-07,133,6,2,802.8
191,2024-10-29,397,9,5,1520.5
192,2024-01-10,348,30,4,206.28
193,2023-08-15,167,15,1,121.06
194,2024-02-10,155,8,1,192.69
195,2023-07-28,177,43,1,74.94
196,2024-10-04,230,2,1,225.34
197,2023-10-12,178,35,1,127.17
198,2024-08-06,351,17,1,312.67
199,2023-06-19,497,49,3,1439.1
200,2024-05-14,184,47,5,180.75
201,2023-01-29,132,39,1,100.34
202,2023-07-11,368,39,1,100.34
203,2023-12-05,140,25,3,611.37
204,2023-03-22,163,9,2,608.2
205,2023-05-26,255,45,1,405.31
206,2023-06-18,258,46,8,3404.96
207,2023-02-04,434,18,1,181.84
208,2023-09-20,422,18,1,181.84
209,2023-09-13,30,31,4,516.24
210,2024-04-05,409,43,3,224.82
211,2024-06-12,139,41,5,2004.5
212,2024-05-07,401,1,3,947.01
213,2023-03-27,216,45,1,405.31
214,2023-03-07,354,14,1,156.41
215,2023-02-04,46,38,1,280.39
216,2024-03-28,247,28,1,55.08
217,2023-07-28,52,11,1,414.01
218,2023-08-01,212,19,1,346.89
219,2023-12-05,273,39,4,401.36
220,2023-06-16,251,46,4,1702.48
221,2023-06-14,361,8,5,963.45
222,2023-02-09,132,26,1,206.69
223,2023-09-02,103,6,1,401.4
224,2024-01-21,284,9,1,304.1
225,2024-05-10,446,41,1,400.9
226,2023-02-02,267,50,3,47.01
227,2024-08-15,185,49,1,479.7
228,2023-06-17,2,30,3,154.71
229,2024-07-05,212,15,1,121.06
230,2024-08-25,12,30,1,51.57
231,2023-11-09,427,31,5,645.3
232,2023-08-29,470,50,1,15.67
233,2023-11-30,326,7,2,307.2
234,2024-02-22,101,7,1,153.6
235,2023-07-15,289,48,1,41.29
236,2023-10-07,333,15,1,121.06
237,2024-12-25,122,33,4,1285.04
238,2024-09-14,236,27,1,141.3
239,2023-06-13,370,47,3,108.45
240,2023-09-24,407,28,1,55.08
241,2023-08-25,385,50,1,15.67
242,2024-07-04,428,12,1,293.43
243,2023-11-08,473,36,2,151.98
244,2023-11-01,373,31,2,258.12
245,2024-10-05,427,6,3,1204.2
246,2024-06-14,85,45,4,1621.24
247,2024-10-27,150,4,5,40.9
248,2024-12-31,169,44,2,789.56
249,2023-03-01,240,9,1,304.1
250,2023-07-29,481,26,1,206.69
251,2023-08-26,235,46,4,1702.48
252,2023-09-02,216,40,1,346.19
253,2023-09-24,275,11,1,414.01
254,2023-06-28,278,33,5,1606.3
255,2023-09-14,291,30,1,51.57
256,2024-06-25,255,30,2,103.14
257,2023-07-02,91,43,2,149.88
258,2024-03-15,361,36,1,75.99
259,2024-12-04,143,12,4,1173.72
260,2023-10-03,341,34,2,117.42
261,2023-07-01,493,9,1,304.1
262,2023-11-18,441,39,2,200.68
263,2024-08-03,109,14,1,156.41
264,2024-05-03,4,11,1,414.01
265,2024-04-04,359,40,4,1384.76
266,2024-11-06,270,2,4,901.36
267,2023-10-14,280,29,4,203.8
268,2023-12-24,13,23,2,574.22
269,2024-02-19,318,27,1,141.3
270,2023-12-19,402,39,2,200.68
271,2024-03-14,67,44,1,394.78
272,2023-03-09,16,29,2,101.9
273,2023-03-09,139,44,1,394.78
274,2024-05-12,267,3,1,133.87
275,2024-01-15,77,25,2,407.58
276,2023-01-02,500,32,5,2127.25
277,2024-04-20,96,1,4,1262.68
278,2024-10-19,280,8,1,192.69
279,2023-10-19,84,20,1,197.22
280,2023-12-14,496,30,2,103.14
281,2023-01-01,391,11,5,2070.05
282,2023-07-19,25,7,3,460.8
283,2024-07-03,65,15,1,121.06
284,2024-04-02,38,12,1,293.43
285,2023-07-26,336,14,1,156.41
286,2024-10-19,274,32,1,425.45
287,2024-01-11,200,37,1,437.53
288,2023-06-27,480,17,3,938.01
289,2023-01-08,9,15,1,121.06
290,2024-01-11,292,40,1,346.19
291,2024-10-22,379,19,3,1040.67
292,2023-10-09,456,10,5,171.35
293,2023-01-21,433,43,3,224.82
294,2024-11-12,51,4,4,32.72
295,2024-02-10,460,24,1,318.78
296,2023-05-25,450,17,1,312.67
297,2024-03-12,97,14,1,156.41
298,2024-10-30,266,31,3,387.18
299,2023-07-28,349,17,2,625.34
300,2024-10-22,37,28,2,110.16
301,2023-01-01,320,14,1,156.41
302,2024-08-24,398,49,2,959.4
303,2023-07-23,491,13,1,499.15
304,2023-05-08,440,25,1,203.79
305,2024-04-29,354,32,1,425.45
306,2024-07-05,454,42,4,1429.64
307,2024-09-19,398,46,1,425.62
308,2024-05-27,168,50,1,15.67
309,2023-12-16,25,33,3,963.78
310,2023-04-13,204,10,1,34.27
311,2024-03-04,418,17,3,938.01
312,2024-07-17,162,22,1,419.03
313,2024-12-07,386,2,2,450.68
314,2023-11-09,138,6,4,1605.6
315,2024-12-24,264,29,4,203.8
316,2024-03-05,314,32,3,1276.35
317,2024-10-29,380,16,1,356.5
318,2023-10-04,495,2,5,1126.7
319,2024-02-17,238,39,1,100.34
320,2023-07-31,59,26,1,206.69
321,2024-08-10,477,42,1,357.41
322,2024-06-07,279,22,3,1257.09
323,2023-10-26,68,6,1,401.4
324,2023-09-25,138,12,5,1467.15
325,2024-06-27,465,44,4,1579.12
326,2024-03-23,168,45,2,810.62
327,2023-09-07,278,14,1,156.41
328,2024-05-07,365,13,5,2495.75
329,2023-05-23,225,4,1,8.18
330,2023-10-18,378,6,5,2007.0
331,2024-10-20,86,16,1,356.5
332,2024-01-16,437,40,1,346.19
333,2024-07-16,104,31,5,645.3
334,2024-04-17,344,11,3,1242.03
335,2023-10-08,347,40,2,692.38
336,2023-02-27,243,39,1,100.34
337,2024-07-31,468,50,1,15.67
338,2023-10-18,371,12,1,293.43
339,2024-07-08,115,42,2,714.82
340,2023-10-22,78,27,1,141.3
341,2024-09-10,187,21,1,123.2
342,2023-12-16,494,33,7,2248.82
343,2024-07-18,117,34,1,58.71
344,2023-10-16,166,50,3,47.01
345,2024-10-13,80,26,1,206.69
346,2024-11-15,89,46,2,851.24
347,2023-01-19,206,5,1,133.35
348,2024-08-01,310,30,1,51.57
349,2024-03-21,284,22,1,419.03
350,2024-08-26,118,45,1,405.31
351,2023-08-02,334,43,1,74.94
352,2024-12-20,106,17,8,2501.36
353,2023-05-03,444,43,1,74.94
354,2024-07-27,133,4,1,8.18
355,2024-02-11,123,48,1,41.29
356,2024-06-02,339,46,2,851.24
357,2024-01-06,484,13,3,1497.45
358,2024-07-20,415,29,1,50.95
359,2024-12-25,51,15,3,363.18
360,2024-04-26,163,38,1,280.39
361,2024-05-01,170,1,5,1578.35
362,2023-08-15,305,39,1,100.34
363,2023-03-07,283,44,1,394.78
364,2024-11-23,4,35,2,254.34
365,2023-02-24,211,33,2,642.52
366,2023-01-22,395,24,1,318.78
367,2023-10-24,161,16,1,356.5
368,2023-10-02,109,23,1,287.11
369,2024-10-17,63,25,1,203.79
370,2024-10-07,138,10,1,34.27
371,2024-07-24,413,34,1,58.71
372,2023-01-13,424,18,1,181.84
373,2024-06-12,464,14,2,312.82
374,2023-10-09,15,3,3,401.61
375,2024-11-09,426,24,5,1593.9
376,2023-04-13,243,44,1,394.78
377,2024-10-24,166,2,1,225.34
378,2023-08-16,179,22,2,838.06
379,2024-05-15,189,48,3,123.87
380,2024-05-06,57,46,1,425.62
381,2023-11-18,259,4,7,57.26
382,2023-03-26,122,48,4,165.16
383,2023-08-19,417,10,1,34.27
384,2023-08-14,162,14,1,156.41
385,2023-11-24,287,26,2,413.38
386,2023-03-04,472,3,1,133.87
387,2024-11-12,339,49,6,2878.2
388,2024-06-20,214,31,2,258.12
389,2023-01-15,70,40,1,346.19
390,2023-08-14,377,23,1,287.11
391,2024-06-10,24,3,6,803.22
392,2023-11-06,316,19,4,1387.56
393,2023-01-31,202,45,1,405.31
394,2023-10-11,184,37,3,1312.59
395,2024-05-17,258,28,1,55.08
396,2023-01-23,234,30,2,103.14
397,2024-03-28,44,39,5,501.7
398,2023-09-10,317,7,5,768.0
399,2023-01-21,14,8,5,963.45
400,2024-04-03,414,8,1,192.69
401,2023-08-22,118,43,1,74.94
402,2023-06-26,451,50,6,94.02
403,2023-10-26,442,28,1,55.08
404,2024-01-17,203,31,1,129.06
405,2024-02-01,178,2,1,225.34
406,2023-04-26,101,31,1,129.06
407,2023-01-31,401,10,1,34.27
408,2023-11-02,359,26,2,413.38
409,2024-07-18,234,47,1,36.15
410,2023-05-25,138,26,1,206.69
411,2024-01-16,128,39,1,100.34
412,2024-01-13,42,7,1,153.6
413,2023-12-15,5,44,5,1973.9
414,2024-01-16,91,29,4,203.8
415,2024-09-04,174,47,1,36.15
416,2023-08-23,64,48,1,41.29
417,2024-12-19,190,19,2,693.78
418,2023-02-13,334,3,1,133.87
419,2023-01-20,311,36,1,75.99
420,2024-07-23,353,21,1,123.2
421,2024-02-14,362,30,3,154.71
422,2023-07-23,291,26,3,620.07
423,2023-08-17,96,50,1,15.67
424,2023-08-01,141,40,1,346.19
425,2024-05-16,365,42,1,357.41
426,2024-03-27,151,43,1,74.94
427,2024-06-21,53,28,3,165.24
428,2024-08-14,464,26,1,206.69
429,2023-12-17,33,35,2,254.34
430,2024-11-14,261,24,4,1275.12
431,2024-07-24,306,45,1,405.31
432,2023-07-02,251,31,1,129.06
433,2023-10-06,61,21,1,123.2
434,2023-06-24,398,8,4,770.76
435,2023-04-18,383,5,5,666.75
436,2024-11-11,433,37,4,1750.12
437,2024-08-17,224,42,1,357.41
438,2023-01-15,490,43,1,74.94
439,2023-04-03,94,7,1,153.6
440,2024-01-28,188,36,3,227.97
441,2023-07-14,444,46,3,1276.86
442,2024-07-11,154,38,1,280.39
443,2023-03-14,37,35,1,127.17
444,2023-04-02,261,16,1,356.5
445,2024-12-06,434,47,2,72.3
446,2023-12-16,482,21,4,492.8
447,2023-03-09,422,12,5,1467.15
448,2023-12-13,275,26,3,620.07
449,2024-09-16,318,35,1,127.17
450,2024-01-19,266,49,4,1918.8
451,2023-12-07,497,11,2,828.02
452,2024-03-10,418,22,2,838.06
453,2024-08-11,76,39,4,401.36
454,2023-06-04,339,16,4,1426.0
455,2024-08-15,358,24,1,318.78
456,2023-07-09,58,9,1,304.1
457,2023-08-18,133,36,3,227.97
458,2023-11-13,92,30,4,206.28
459,2023-12-08,107,45,3,1215.93
460,2023-04-15,377,19,1,346.89
461,2023-10-29,16,23,1,287.11
462,2024-11-29,55,8,2,385.38
463,2023-09-16,440,8,1,192.69
464,2023-07-06,218,7,1,153.6
465,2024-08-25,133,18,2,363.68
466,2024-08-18,307,28,1,55.08
467,2024-01-25,338,30,1,51.57
468,2024-11-13,494,10,3,102.81
469,2023-06-25,44,35,2,254.34
470,2024-05-20,144,29,1,50.95
471,2024-06-01,208,12,7,2054.01
472,2024-02-19,334,42,1,357.41
473,2023-10-18,18,47,1,36.15
474,2023-11-08,92,25,6,1222.74
475,2024-11-05,480,32,2,850.9
476,2023-01-16,476,38,2,560.78
477,2024-09-09,188,17,1,312.67
478,2023-08-15,371,15,5,605.3
479,2024-04-13,413,50,4,62.68
480,2024-01-21,152,26,1,206.69
481,2024-08-28,467,39,1,100.34
482,2023-02-06,153,6,1,401.4
483,2023-11-26,315,49,2,959.4
484,2023-05-26,459,2,5,1126.7
485,2023-01-27,422,15,1,121.06
486,2023-04-05,393,7,1,153.6
487,2024-05-07,112,26,1,206.69
488,2023-04-24,267,37,1,437.53
489,2024-11-03,200,24,3,956.34
490,2024-04-24,195,36,1,75.99
491,2024-07-24,49,5,1,133.35
492,2024-02-29,183,22,1,419.03
493,2024-10-02,350,19,3,1040.67
494,2024-07-11,401,36,1,75.99
495,2024-04-24,279,17,1,312.67
496,2023-08-10,213,13,2,998.3
497,2024-05-25,468,15,3,363.18
498,2023-09-20,315,40,1,346.19
499,2023-06-17,297,17,4,1250.68
500,2024-11-21,222,13,2,998.3
501,2024-10-01,356,11,1,414.01
502,2023-02-02,15,48,1,41.29
503,2023-11-10,113,29,4,203.8
504,2024-09-25,346,24,1,318.78
505,2024-08-05,68,28,1,55.08
506,2023-10-29,269,49,1,479.7
507,2024-09-17,431,3,1,133.87
508,2024-05-31,416,12,5,1467.15
509,2024-07-05,180,27,1,141.3
510,2023-11-26,228,17,3,938.01
511,2023-11-27,325,17,4,1250.68
512,2024-03-08,109,14,2,312.82
513,2024-06-02,473,41,2,801.8
514,2023-03-09,108,14,2,312.82
515,2024-11-28,468,49,8,3837.6
516,2024-03-03,230,23,1,287.11
517,2023-02-23,363,24,4,1275.12
518,2024-09-13,92,12,3,880.29
519,2024-07-09,45,31,1,129.06
520,2024-03-26,116,9,1,304.1
521,2023-02-03,73,50,1,15.67
522,2024-10-19,118,40,4,1384.76
523,2024-04-23,154,9,1,304.1
524,2023-11-22,373,27,5,706.5
525,2023-11-02,81,29,4,203.8
526,2024-06-29,261,45,4,1621.24
527,2023-04-15,152,31,1,129.06
528,2023-12-28,467,45,3,1215.93
529,2024-12-23,189,34,6,352.26
530,2024-11-07,180,21,4,492.8
531,2023-04-26,281,25,1,203.79
532,2024-12-25,208,36,8,607.92
533,2024-03-13,225,41,4,1603.6
534,2024-11-06,455,32,5,2127.25
535,2023-05-26,430,5,1,133.35
536,2024-01-16,500,44,1,394.78
537,2024-06-22,464,8,2,385.38
538,2024-05-08,153,12,1,293.43
539,2023-11-15,334,14,4,625.64
540,2024-02-04,281,37,1,437.53
541,2023-05-17,14,20,3,591.66
542,2024-10-17,241,21,1,123.2
543,2023-12-13,19,26,2,413.38
544,2023-06-27,495,12,3,880.29
545,2024-11-04,275,45,4,1621.24
546,2023-12-18,111,34,2,117.42
547,2024-07-28,219,14,1,156.41
548,2024-11-27,348,14,3,469.23
549,2023-07-15,389,30,1,51.57
550,2024-10-08,267,25,1,203.79
551,2024-09-03,476,18,1,181.84
552,2024-10-02,237,23,1,287.11
553,2023-02-02,392,46,1,425.62
554,2023-12-22,436,32,4,1701.8
555,2023-09-22,261,2,5,1126.7
556,2023-12-05,61,7,4,614.4
557,2024-06-15,319,26,2,413.38
558,2024-07-20,465,22,1,419.03
559,2024-08-29,78,30,5,257.85
560,2023-05-26,23,10,1,34.27
561,2023-02-08,321,49,1,479.7
562,2023-09-19,429,47,3,108.45
563,2024-11-15,459,50,4,62.68
564,2023-05-20,220,35,1,127.17
565,2024-10-18,183,28,4,220.32
566,2024-09-08,17,28,1,55.08
567,2024-06-06,184,11,3,1242.03
568,2024-07-08,314,4,1,8.18
569,2023-05-23,137,45,1,405.31
570,2023-12-11,204,42,5,1787.05
571,2024-09-11,138,48,2,82.58
572,2023-11-01,306,2,4,901.36
573,2024-08-27,419,1,5,1578.35
574,2023-09-23,458,38,5,1401.95
575,2023-04-04,434,18,1,181.84
576,2023-04-02,114,11,1,414.01
577,2024-12-26,246,47,4,144.6
578,2024-02-28,320,26,1,206.69
579,2024-02-16,39,12,1,293.43
580,2023-05-18,183,21,5,616.0
581,2024-08-12,407,40,1,346.19
582,2024-04-07,329,2,5,1126.7
583,2023-01-19,98,45,1,405.31
584,2023-09-14,208,49,2,959.4
585,2023-12-16,159,9,3,912.3
586,2023-10-20,254,29,1,50.95
587,2024-03-19,457,32,3,1276.35
588,2024-12-17,356,40,2,692.38
589,2023-02-05,154,43,1,74.94
590,2024-06-03,209,38,4,1121.56
591,2024-10-08,278,46,1,425.62
592,2023-02-05,269,8,1,192.69
593,2024-08-14,225,48,1,41.29
594,2023-12-13,207,23,6,1722.66
595,2024-12-22,487,46,4,1702.48
596,2023-07-31,300,9,1,304.1
597,2024-08-18,24,47,1,36.15
598,2024-09-14,464,14,3,469.23
599,2024-07-02,141,13,1,499.15
600,2023-11-17,460,46,4,1702.48
601,2024-04-02,428,4,1,8.18
602,2023-07-24,176,2,4,901.36
603,2023-06-19,439,38,3,841.17
604,2023-03-15,80,9,1,304.1
605,2024-05-21,193,9,1,304.1
606,2024-02-21,482,10,4,137.08
607,2023-03-22,62,11,1,414.01
608,2023-03-01,167,23,2,574.22
609,2024-06-05,171,6,5,2007.0
610,2024-03-01,7,5,2,266.7
611,2023-05-22,264,47,1,36.15
612,2023-09-02,121,12,2,586.86
613,2024-07-29,22,32,3,1276.35
614,2024-06-03,416,4,3,24.54
615,2023-12-14,130,22,2,838.06
616,2023-06-04,177,48,7,289.03
617,2024-11-16,51,2,4,901.36
618,2024-03-22,16,8,1,192.69
619,2023-10-31,261,17,1,312.67
620,2024-01-21,312,41,3,1202.7
621,2023-05-21,484,8,1,192.69
622,2024-07-31,370,3,4,535.48
623,2023-01-26,100,10,1,34.27
624,2023-06-10,15,5,4,533.4
625,2024-08-08,128,38,3,841.17
626,2024-07-21,216,5,1,133.35
627,2023-03-22,235,46,4,1702.48
628,2023-02-09,64,18,1,181.84
629,2023-06-07,42,49,4,1918.8
630,2024-01-28,114,26,1,206.69
631,2023-01-07,336,28,4,220.32
632,2024-09-23,401,40,1,346.19
633,2023-07-21,313,18,1,181.84
634,2023-11-29,157,20,2,394.44
635,2023-12-22,493,45,3,1215.93
636,2024-10-24,374,30,4,206.28
637,2024-06-11,175,47,7,253.05
638,2023-08-01,98,17,3,938.01
639,2023-03-02,290,34,1,58.71
640,2023-07-25,114,4,2,16.36
641,2023-03-20,144,27,1,141.3
642,2024-07-05,233,50,1,15.67
643,2023-06-21,145,23,3,861.33
644,2023-06-07,424,2,2,450.68
645,2024-03-27,491,9,1,304.1
646,2023-04-27,345,2,1,225.34
647,2024-04-09,80,46,1,425.62
648,2024-12-17,148,35,4,508.68
649,2024-05-31,118,39,1,100.34
650,2024-08-01,360,50,2,31.34
651,2024-07-06,206,26,4,826.76
652,2024-09-03,189,18,2,363.68
653,2024-09-01,127,9,2,608.2
654,2024-05-12,439,7,4,614.4
655,2024-07-08,372,12,4,1173.72
656,2024-09-29,27,18,2,363.68
657,2023-03-09,386,38,3,841.17
658,2023-08-24,353,14,1,156.41
659,2023-08-28,291,34,1,58.71
660,2024-01-18,363,4,2,16.36
661,2023-06-26,251,1,6,1894.02
662,2024-01-29,412,30,1,51.57
663,2024-02-24,465,47,1,36.15
664,2024-10-20,464,36,1,75.99
665,2023-07-13,303,19,1,346.89
666,2024-05-17,410,15,1,121.06
667,2024-06-16,276,27,5,706.5
668,2023-08-14,4,47,1,36.15
669,2024-03-10,121,29,3,152.85
670,2023-01-13,260,30,4,206.28
671,2023-03-01,345,33,1,321.26
672,2024-11-20,91,16,2,713.0
673,2024-01-23,156,36,2,151.98
674,2024-06-05,472,23,2,574.22
675,2024-08-30,77,44,1,394.78
676,2024-02-09,408,15,2,242.12
677,2023-03-02,264,20,3,591.66
678,2024-09-17,275,41,1,400.9
679,2023-11-06,215,37,2,875.06
680,2024-03-24,439,19,1,346.89
681,2023-09-14,375,50,1,15.67
682,2023-05-04,346,48,4,165.16
683,2024-05-08,282,44,1,394.78
684,2023-02-25,443,47,1,36.15
685,2024-02-02,169,40,4,1384.76
686,2023-04-08,302,44,1,394.78
687,2023-01-19,85,24,1,318.78
688,2023-01-29,386,42,4,1429.64
689,2024-10-14,147,15,1,121.06
690,2023-05-24,426,9,1,304.1
691,2023-05-09,459,30,2,103.14
692,2023-06-18,406,32,5,2127.25
693,2024-04-21,75,17,1,312.67
694,2024-09-25,71,40,3,1038.57
695,2023-02-14,396,37,1,437.53
696,2024-09-22,265,43,4,299.76
697,2024-01-16,280,41,1,400.9
698,2023-06-04,402,34,3,176.13
699,2023-02-04,467,3,1,133.87
700,2024-02-24,27,15,1,121.06
701,2024-10-19,237,32,1,425.45
702,2023-08-15,213,37,1,437.53
703,2023-06-19,276,44,2,789.56
704,2024-02-23,492,5,1,133.35
705,2024-01-30,50,1,1,315.67
706,2024-11-16,174,13,7,3494.05
707,2024-05-17,445,4,1,8.18
708,2023-08-06,361,11,1,414.01
709,2023-03-19,453,17,5,1563.35
710,2024-08-31,399,28,1,55.08
711,2024-03-29,174,33,1,321.26
712,2023-05-22,147,31,1,129.06
713,2024-10-18,442,32,3,1276.35
714,2023-04-19,169,20,4,788.88
715,2023-10-25,318,40,1,346.19
716,2023-12-25,158,15,2,242.12
717,2024-11-02,357,44,2,789.56
718,2024-03-06,177,18,1,181.84
719,2023-05-11,54,16,4,1426.0
720,2023-08-11,21,3,1,133.87
721,2024-09-07,471,36,3,227.97
722,2024-06-06,67,44,2,789.56
723,2023-09-20,374,27,1,141.3
724,2024-07-01,74,8,1,192.69
725,2024-09-21,322,16,1,356.5
726,2023-10-06,54,46,4,1702.48
727,2023-10-10,120,24,1,318.78
728,2024-12-31,344,48,6,247.74
729,2024-08-08,82,42,1,357.41
730,2024-08-15,103,2,1,225.34
731,2024-10-17,114,12,3,880.29
732,2024-08-28,189,10,4,137.08
733,2024-03-13,463,43,1,74.94
734,2023-09-03,174,16,1,356.5
735,2024-03-23,158,24,1,318.78
736,2024-07-16,265,15,1,121.06
737,2024-07-02,338,9,1,304.1
738,2023-04-29,34,22,1,419.03
739,2024-02-09,60,38,5,1401.95
740,2023-04-03,435,28,1,55.08
741,2024-01-02,461,6,1,401.4
742,2024-05-11,162,39,1,100.34
743,2023-06-08,115,29,2,101.9
744,2023-04-08,150,36,1,75.99
745,2024-10-15,468,37,1,437.53
746,2023-10-08,315,17,1,312.67
747,2023-06-30,440,13,3,1497.45
748,2023-04-27,150,28,1,55.08
749,2024-04-12,314,30,3,154.71
750,2023-08-14,361,20,1,197.22
751,2024-02-28,211,6,3,1204.2
752,2023-02-14,60,21,1,123.2
753,2023-10-31,102,49,1,479.7
754,2023-04-14,472,13,3,1497.45
755,2023-10-29,23,22,1,419.03
756,2023-10-26,49,28,5,275.4
757,2024-10-10,321,4,5,40.9
758,2024-09-22,269,18,2,363.68
759,2023-07-05,394,21,1,123.2
760,2023-11-20,413,44,3,1184.34
761,2024-03-30,242,18,1,181.84
762,2024-07-12,391,28,1,55.08
763,2024-05-28,314,44,2,789.56
764,2023-11-18,79,32,5,2127.25
765,2024-06-26,484,18,3,545.52
766,2024-12-13,495,46,5,2128.1
767,2023-04-10,316,46,1,425.62
768,2024-11-12,149,16,7,2495.5
769,2023-07-08,219,24,1,318.78
770,2024-06-22,58,6,7,2809.8
771,2023-02-26,160,35,3,381.51
772,2023-09-26,181,5,1,133.35
773,2024-03-30,107,34,1,58.71
774,2024-08-17,400,7,4,614.4
775,2023-10-16,5,14,2,312.82
776,2023-03-27,391,9,5,1520.5
777,2024-06-04,47,29,4,203.8
778,2024-06-03,160,36,4,303.96
779,2024-06-14,481,37,3,1312.59
780,2024-08-04,113,5,1,133.35
781,2024-09-29,162,16,1,356.5
782,2024-02-21,327,31,4,516.24
783,2023-10-27,249,29,1,50.95
784,2023-12-10,141,1,4,1262.68
785,2024-05-29,119,13,1,499.15
786,2023-02-05,258,19,3,1040.67
787,2024-10-19,365,50,1,15.67
788,2023-01-25,499,1,1,315.67
789,2024-04-13,433,45,1,405.31
790,2023-09-29,62,9,1,304.1
791,2023-11-15,149,34,4,234.84
792,2024-12-24,375,1,6,1894.02
793,2024-05-03,445,4,1,8.18
794,2024-05-23,304,17,2,625.34
795,2024-08-05,293,9,1,304.1
796,2023-01-28,368,45,4,1621.24
797,2023-10-21,92,24,1,318.78
798,2024-02-24,51,45,1,405.31
799,2023-08-08,409,48,1,41.29
800,2024-10-28,374,7,3,460.8
801,2024-06-20,181,19,2,693.78
802,2023-09-26,328,39,1,100.34
803,2024-07-04,282,9,3,912.3
804,2024-06-07,119,29,5,254.75
805,2024-04-22,111,3,1,133.87
806,2023-11-05,270,46,4,1702.48
807,2023-10-19,66,16,1,356.5
808,2024-08-26,303,29,1,50.95
809,2023-01-17,6,34,4,234.84
810,2023-01-31,379,22,2,838.06
811,2024-09-29,1,14,1,156.41
812,2023-08-29,495,15,1,121.06
813,2024-07-13,181,37,1,437.53
814,2024-12-17,79,4,3,24.54
815,2023-09-10,298,31,1,129.06
816,2024-12-15,80,18,4,727.36
817,2024-10-21,132,5,1,133.35
818,2024-11-13,131,32,4,1701.8
819,2023-12-27,273,29,4,203.8
820,2024-07-01,446,29,1,50.95
821,2024-09-03,88,1,1,315.67
822,2024-04-20,295,31,1,129.06
823,2024-12-04,461,23,4,1148.44
824,2024-07-20,95,47,5,180.75
825,2024-09-18,215,36,3,227.97
826,2023-10-05,349,10,1,34.27
827,2024-02-25,254,40,1,346.19
828,2023-08-28,90,13,4,1996.6
829,2024-04-30,490,17,1,312.67
830,2023-06-20,308,25,4,815.16
831,2023-09-16,8,15,1,121.06
832,2023-08-01,253,19,1,346.89
833,2023-09-23,140,26,1,206.69
834,2024-06-25,232,22,4,1676.12
835,2024-10-29,217,36,5,379.95
836,2024-08-21,118,24,1,318.78
837,2023-11-09,488,5,6,800.1
838,2024-03-12,38,22,4,1676.12
839,2024-11-10,416,48,4,165.16
840,2024-07-17,16,43,3,224.82
841,2024-11-09,86,22,2,838.06
842,2023-10-08,198,18,1,181.84
843,2024-07-14,353,24,1,318.78
844,2024-11-30,143,4,3,24.54
845,2024-06-20,35,35,5,635.85
846,2024-02-12,224,22,1,419.03
847,2024-01-10,120,24,1,318.78
848,2023-01-17,466,20,1,197.22
849,2024-03-17,308,32,1,425.45
850,2023-06-03,451,16,5,1782.5
851,2023-03-12,476,20,1,197.22
852,2024-02-02,242,6,2,802.8
853,2024-04-23,52,5,1,133.35
854,2023-12-26,206,27,6,847.8
855,2023-02-23,287,13,1,499.15
856,2023-03-23,184,19,1,346.89
857,2024-01-04,392,44,1,394.78
858,2024-12-10,177,48,6,247.74
859,2024-11-15,385,50,7,109.69
860,2024-10-21,58,40,1,346.19
861,2024-11-24,179,27,3,423.9
862,2024-04-22,423,30,2,103.14
863,2023-08-25,219,12,1,293.43
864,2023-10-22,327,24,3,956.34
865,2024-01-07,343,9,1,304.1
866,2023-07-06,20,26,1,206.69
867,2024-12-27,322,10,4,137.08
868,2024-11-23,423,23,2,574.22
869,2024-10-31,118,44,1,394.78
870,2024-09-15,333,11,1,414.01
871,2024-08-20,3,27,1,141.3
872,2023-12-16,461,3,6,803.22
873,2024-06-15,82,37,3,1312.59
874,2023-07-16,156,28,1,55.08
875,2024-08-01,155,9,1,304.1
876,2024-07-13,345,24,2,637.56
877,2023-12-10,31,45,4,1621.24
878,2023-02-14,468,47,1,36.15
879,2024-10-21,412,8,2,385.38
880,2024-04-30,334,28,1,55.08
881,2023-02-27,64,4,1,8.18
882,2024-09-07,396,48,4,165.16
883,2023-11-09,426,18,2,363.68
884,2024-07-25,104,41,1,400.9
885,2024-11-29,143,27,3,423.9
886,2023-01-28,82,24,1,318.78
887,2023-03-18,19,32,4,1701.8
888,2023-08-19,151,15,2,242.12
889,2023-07-10,193,49,1,479.7
890,2023-09-25,459,48,4,165.16
891,2023-10-10,458,31,1,129.06
892,2023-06-29,45,16,7,2495.5
893,2024-05-28,101,3,2,267.74
894,2023-06-30,307,24,8,2550.24
895,2023-09-13,355,31,1,129.06
896,2023-04-28,438,38,1,280.39
897,2023-04-08,238,25,1,203.79
898,2023-11-23,275,44,2,789.56
899,2024-06-13,63,34,2,117.42
900,2024-04-30,174,7,2,307.2
901,2023-01-07,374,33,1,321.26
902,2024-06-27,194,7,3,460.8
903,2024-11-30,414,15,2,242.12
904,2023-06-27,440,22,2,838.06
905,2023-11-25,476,4,4,32.72
906,2023-01-11,437,14,4,625.64
907,2023-01-25,217,20,4,788.88
908,2024-02-01,322,12,1,293.43
909,2024-07-02,235,13,1,499.15
910,2024-10-23,445,33,1,321.26
911,2023-07-18,248,50,3,47.01
912,2024-03-18,50,1,1,315.67
913,2023-12-27,387,16,2,713.0
914,2023-03-12,294,22,1,419.03
915,2023-03-07,107,35,5,635.85
916,2023-03-14,203,20,1,197.22
917,2023-07-17,281,19,1,346.89
918,2023-07-15,182,40,1,346.19
919,2024-08-15,329,39,2,200.68
920,2023-06-10,8,14,6,938.46
921,2023-12-15,353,38,6,1682.34
922,2024-03-07,84,18,1,181.84
923,2023-03-01,220,23,1,287.11
924,2024-07-26,497,18,3,545.52
925,2023-08-11,496,35,1,127.17
926,2024-02-01,447,34,1,58.71
927,2023-06-08,325,7,5,768.0
928,2023-10-18,497,21,1,123.2
929,2023-08-22,239,26,1,206.69
930,2023-07-28,316,22,3,1257.09
931,2024-07-22,482,43,1,74.94
932,2024-04-04,200,29,1,50.95
933,2024-04-30,242,50,1,15.67
934,2023-04-21,176,38,1,280.39
935,2023-11-01,374,21,6,739.2
936,2023-06-04,180,20,4,788.88
937,2024-11-12,357,36,2,151.98
938,2023-06-26,473,21,6,739.2
939,2023-03-31,171,43,3,224.82
940,2023-05-17,252,10,2,68.54
941,2024-06-30,443,13,4,1996.6
942,2023-05-04,284,8,1,192.69
943,2024-09-22,12,49,5,2398.5
944,2024-02-11,195,15,5,605.3
945,2024-04-12,319,47,1,36.15
946,2023-08-01,92,29,1,50.95
947,2023-10-14,169,41,2,801.8
948,2023-03-09,87,31,1,129.06
949,2024-03-23,350,14,1,156.41
950,2023-11-28,224,39,2,200.68
951,2023-02-12,272,2,1,225.34
952,2023-02-21,244,13,1,499.15
953,2023-02-01,249,23,1,287.11
954,2024-06-13,335,49,4,1918.8
955,2023-05-21,116,24,3,956.34
956,2023-01-01,322,13,2,998.3
957,2023-05-17,53,29,5,254.75
958,2023-01-26,140,23,3,861.33
959,2023-02-18,297,25,1,203.79
960,2023-03-02,278,11,5,2070.05
961,2024-06-26,5,27,3,423.9
962,2023-12-08,26,14,4,625.64
963,2024-03-04,250,37,1,437.53
964,2024-08-19,368,24,1,318.78
965,2024-10-09,304,36,5,379.95
966,2023-05-22,122,50,3,47.01
967,2024-05-20,44,13,1,499.15
968,2023-10-05,347,19,1,346.89
969,2023-09-27,62,42,1,357.41
970,2024-05-13,8,39,1,100.34
971,2023-10-14,381,13,1,499.15
972,2024-07-10,352,11,2,828.02
973,2023-12-24,456,13,4,1996.6
974,2023-07-07,331,16,1,356.5
975,2023-11-25,61,35,8,1017.36
976,2023-11-25,139,46,4,1702.48
977,2024-03-14,378,50,4,62.68
978,2024-09-17,293,46,1,425.62
979,2024-09-04,25,30,5,257.85
980,2024-01-09,299,16,5,1782.5
981,2023-07-15,266,21,2,246.4
982,2023-02-16,32,6,1,401.4
983,2024-01-04,385,8,1,192.69
984,2024-12-25,312,13,5,2495.75
985,2024-11-19,476,35,3,381.51
986,2023-01-19,351,38,4,1121.56
987,2024-05-23,376,10,1,34.27
988,2024-02-02,389,44,3,1184.34
989,2024-01-01,113,2,1,225.34
990,2023-12-06,197,17,3,938.01
991,2023-02-15,441,49,3,1439.1
992,2023-01-21,409,16,1,356.5
993,2023-09-01,77,50,1,15.67
994,2024-05-21,68,11,5,2070.05
995,2024-05-08,355,33,1,321.26
996,2023-05-18,431,35,1,127.17
997,2023-05-25,27,29,3,152.85
998,2023-12-28,351,8,4,770.76
999,2024-02-14,365,28,4,220.32
1000,2024-03-03,255,6,1,401.4
1001,2024-04-18,128,26,4,826.76
1002,2023-11-27,275,4,3,24.54
1003,2024-04-10,301,31,1,129.06
1004,2024-06-21,245,30,3,154.71
1005,2024-04-11,498,22,5,2095.15
1006,2024-06-15,351,15,4,484.24
1007,2024-01-24,75,40,1,346.19
1008,2023-01-10,265,5,1,133.35
1009,2023-11-08,151,11,3,1242.03
1010,2023-01-10,273,48,1,41.29
1011,2023-01-31,126,46,2,851.24
1012,2024-07-14,61,3,1,133.87
1013,2024-10-19,387,11,1,414.01
1014,2023-04-02,101,28,1,55.08
1015,2024-04-18,206,35,5,635.85
1016,2023-10-21,446,38,1,280.39
1017,2023-04-02,142,14,1,156.41
1018,2024-03-15,36,49,1,479.7
1019,2023-01-05,370,33,1,321.26
1020,2023-09-17,10,6,1,401.4
1021,2023-11-08,361,31,4,516.24
1022,2023-06-09,376,3,7,937.09
1023,2024-10-30,175,12,3,880.29
1024,2023-04-04,106,10,1,34.27
1025,2024-02-07,266,15,1,121.06
1026,2023-09-13,265,27,5,706.5
1027,2023-02-13,29,29,1,50.95
1028,2023-05-25,174,38,3,841.17
1029,2023-12-04,398,10,2,68.54
1030,2024-02-14,115,38,1,280.39
1031,2023-08-05,87,38,1,280.39
1032,2024-02-23,302,50,1,15.67
1033,2024-04-07,42,28,1,55.08
1034,2023-12-07,47,32,5,2127.25
1035,2023-07-03,408,37,1,437.53
1036,2023-02-24,490,33,1,321.26
1037,2023-10-27,93,32,1,425.45
1038,2023-03-16,452,34,1,58.71
1039,2024-01-14,97,46,5,2128.1
1040,2023-07-08,137,22,1,419.03
1041,2023-05-11,57,1,5,1578.35
1042,2024-06-22,123,3,3,401.61
1043,2023-05-24,147,24,1,318.78
1044,2023-05-15,55,49,1,479.7
1045,2024-02-19,143,16,1,356.5
1046,2024-08-02,57,35,3,381.51
1047,2024-05-13,481,46,1,425.62
1048,2023-06-08,425,13,4,1996.6
1049,2023-04-14,326,42,1,357.41
1050,2023-02-27,317,45,1,405.31
1051,2024-11-13,435,32,6,2552.7
1052,2023-03-16,289,9,1,304.1
1053,2023-05-02,2,17,1,312.67
1054,2023-04-27,137,45,1,405.31
1055,2023-10-18,325,14,1,156.41
1056,2023-02-16,244,39,1,100.34
1057,2023-07-24,110,43,4,299.76
1058,2024-02-04,496,7,5,768.0
1059,2024-07-17,223,8,5,963.45
1060,2024-06-11,271,47,3,108.45
1061,2023-07-01,375,7,1,153.6
1062,2023-06-04,203,34,4,234.84
1063,2023-11-11,50,5,2,266.7
1064,2023-09-24,248,7,3,460.8
1065,2024-12-25,99,33,7,2248.82
1066,2023-04-22,353,25,4,815.16
1067,2023-06-02,255,6,3,1204.2
1068,2024-03-23,46,48,1,41.29
1069,2024-03-02,496,22,1,419.03
1070,2024-10-13,380,15,1,121.06
1071,2023-01-24,44,39,3,301.02
1072,2024-08-13,274,7,1,153.6
1073,2023-11-09,98,10,2,68.54
1074,2023-04-15,195,15,1,121.06
1075,2023-09-01,85,11,1,414.01
1076,2024-07-30,461,6,1,401.4
1077,2024-08-13,35,3,1,133.87
1078,2023-08-08,28,14,1,156.41
1079,2024-08-20,103,21,1,123.2
1080,2023-10-31,236,44,1,394.78
1081,2024-08-10,326,10,1,34.27
1082,2023-02-10,273,33,1,321.26
1083,2024-06-05,55,34,4,234.84
1084,2023-03-27,24,30,4,206.28
1085,2024-08-25,323,1,1,315.67
1086,2024-05-21,45,36,1,75.99
1087,2024-02-22,172,1,1,315.67
1088,2024-07-16,132,34,1,58.71
1089,2023-04-16,347,35,1,127.17
1090,2023-09-10,101,18,1,181.84
1091,2023-04-10,395,37,1,437.53
1092,2024-11-03,62,41,3,1202.7
1093,2024-12-13,291,35,3,381.51
1094,2023-04-16,249,29,1,50.95
1095,2023-02-12,288,29,1,50.95
1096,2024-08-27,499,14,2,312.82
1097,2024-08-02,467,47,4,144.6
1098,2023-03-13,146,28,5,275.4
1099,2024-05-22,89,3,2,267.74
1100,2024-10-25,73,10,3,102.81
1101,2024-04-03,350,20,3,591.66
1102,2023-09-20,284,4,1,8.18
1103,2024-10-19,271,1,1,315.67
1104,2024-08-22,160,33,1,321.26
1105,2024-11-09,403,29,2,101.9
1106,2023-05-30,327,36,4,303.96
1107,2023-09-17,253,9,3,912.3
1108,2023-09-10,144,21,3,369.6
1109,2024-04-17,126,19,1,346.89
1110,2024-12-04,432,21,7,862.4
1111,2023-02-01,175,36,1,75.99
1112,2024-04-07,130,25,1,203.79
1113,2023-08-28,182,27,1,141.3
1114,2024-10-23,495,31,1,129.06
1115,2024-01-06,335,4,1,8.18
1116,2024-08-03,430,19,3,1040.67
1117,2023-01-29,106,12,4,1173.72
1118,2024-01-02,5,50,1,15.67
1119,2024-10-24,300,9,1,304.1
1120,2023-12-15,229,38,4,1121.56
1121,2023-02-23,333,30,2,103.14
1122,2023-07-09,332,21,1,123.2
1123,2024-05-25,250,7,2,307.2
1124,2024-10-18,344,20,3,591.66
1125,2024-08-31,323,41,1,400.9
1126,2024-09-05,90,16,1,356.5
1127,2024-02-21,450,13,1,499.15
1128,2023-01-24,439,34,1,58.71
1129,2023-05-30,452,41,4,1603.6
1130,2024-03-02,478,20,2,394.44
1131,2024-03-23,145,5,1,133.35
1132,2024-06-01,449,11,5,2070.05
1133,2024-11-02,14,11,6,2484.06
1134,2024-02-25,140,20,4,788.88
1135,2024-07-11,377,34,1,58.71
1136,2023-03-31,351,35,5,635.85
1137,2024-05-03,17,16,1,356.5
1138,2023-01-07,120,1,1,315.67
1139,2023-12-31,412,15,5,605.3
1140,2024-11-22,151,10,2,68.54
1141,2023-07-11,144,5,1,133.35
1142,2023-07-28,135,49,2,959.4
1143,2024-09-06,124,2,1,225.34
1144,2024-05-07,191,47,1,36.15
1145,2024-05-24,241,47,2,72.3
1146,2024-01-29,100,33,1,321.26
1147,2024-08-13,229,1,1,315.67
1148,2024-08-22,383,3,1,133.87
1149,2023-10-16,182,12,1,293.43
1150,2023-09-13,402,22,1,419.03
1151,2024-02-02,448,6,5,2007.0
1152,2023-01-16,19,35,1,127.17
1153,2024-06-05,159,10,3,102.81
1154,2023-04-02,348,28,1,55.08
1155,2023-06-04,409,19,3,1040.67
1156,2023-12-29,279,41,4,1603.6
1157,2023-01-31,429,39,1,100.34
1158,2023-02-10,180,24,1,318.78
1159,2024-11-15,117,43,4,299.76
1160,2023-10-07,357,9,1,304.1
1161,2024-12-08,470,19,2,693.78
1162,2024-01-10,302,2,3,676.02
1163,2023-04-11,80,11,5,2070.05
1164,2023-05-05,245,49,1,479.7
1165,2024-03-17,5,28,1,55.08
1166,2023-01-23,10,15,1,121.06
1167,2023-10-31,136,18,1,181.84
1168,2024-04-23,336,45,1,405.31
1169,2024-04-01,62,41,1,400.9
1170,2024-12-30,363,3,3,401.61
1171,2024-04-05,74,11,1,414.01
1172,2023-05-31,420,30,1,51.57
1173,2024-08-01,465,39,1,100.34
1174,2024-05-10,172,8,1,192.69
1175,2023-11-25,217,36,7,531.93
1176,2024-11-28,135,33,3,963.78
1177,2024-10-19,256,4,4,32.72
1178,2024-12-24,29,13,3,1497.45
1179,2023-09-11,220,27,4,565.2
1180,2023-02-02,220,33,1,321.26
1181,2024-11-23,372,41,3,1202.7
1182,2024-09-18,341,46,2,851.24
1183,2024-10-10,261,2,1,225.34
1184,2024-12-05,485,8,3,578.07
1185,2023-05-27,474,10,1,34.27
1186,2024-07-02,222,21,1,123.2
1187,2023-09-29,120,35,1,127.17
1188,2024-01-05,173,1,1,315.67
1189,2023-02-05,325,21,3,369.6
1190,2023-12-21,278,36,2,151.98
1191,2023-12-08,93,32,2,850.9
1192,2023-10-07,42,27,1,141.3
1193,2024-11-20,170,11,8,3312.08
1194,2023-09-14,199,37,1,437.53
1195,2024-12-22,155,22,3,1257.09
1196,2023-08-27,223,42,1,357.41
1197,2024-10-26,403,22,1,419.03
1198,2023-07-20,99,42,1,357.41
1199,2023-02-06,191,39,1,100.34
1200,2023-09-04,245,15,1,121.06
1201,2024-05-16,86,1,1,315.67
1202,2024-11-27,98,15,4,484.24
1203,2023-03-19,163,7,1,153.6
1204,2024-08-13,92,44,1,394.78
1205,2023-05-14,30,6,1,401.4
1206,2023-05-20,377,42,1,357.41
1207,2024-02-11,77,50,1,15.67
1208,2023-01-14,412,6,1,401.4
1209,2024-11-27,6,15,2,242.12
1210,2024-01-11,22,27,1,141.3
1211,2023-04-25,119,40,1,346.19
1212,2023-12-15,202,21,3,369.6
1213,2024-10-01,230,46,1,425.62
1214,2024-05-28,145,42,3,1072.23
1215,2024-03-20,397,32,1,425.45
1216,2023-11-19,148,34,6,352.26
1217,2023-01-01,94,48,1,41.29
1218,2024-03-31,165,29,3,152.85
1219,2024-06-06,136,49,4,1918.8
1220,2024-02-22,486,33,5,1606.3
1221,2023-10-14,75,13,1,499.15
1222,2023-03-08,122,31,3,387.18
1223,2023-08-09,236,34,1,58.71
1224,2023-12-13,357,18,2,363.68
1225,2024-03-02,387,27,1,141.3
1226,2024-02-14,118,36,1,75.99
1227,2024-06-12,109,18,5,909.2
1228,2024-10-29,354,45,1,405.31
1229,2023-01-25,49,3,1,133.87
1230,2024-03-15,492,33,1,321.26
1231,2023-06-21,379,19,2,693.78
1232,2023-03-05,267,26,1,206.69
1233,2024-01-13,225,24,1,318.78
1234,2024-12-12,252,16,2,713.0
1235,2024-04-17,56,32,5,2127.25
1236,2023-06-04,228,17,2,625.34
1237,2023-09-11,482,24,1,318.78
1238,2024-02-16,312,5,1,133.35
1239,2023-10-01,195,47,1,36.15
1240,2024-12-10,458,5,4,533.4
1241,2023-11-18,61,15,3,363.18
1242,2024-03-20,400,37,1,437.53
1243,2024-09-20,261,4,1,8.18
1244,2024-09-13,391,19,1,346.89
1245,2023-08-03,137,27,1,141.3
1246,2024-03-08,239,48,1,41.29
1247,2023-09-13,421,3,3,401.61
1248,2024-07-22,162,22,1,419.03
1249,2023-09-25,453,49,1,479.7
1250,2024-09-25,75,9,1,304.1
1251,2023-10-11,193,20,1,197.22
1252,2023-06-03,2,23,2,574.22
1253,2023-07-01,61,2,2,450.68
1254,2023-07-09,264,27,1,141.3
1255,2023-06-26,472,38,3,841.17
1256,2024-12-12,95,9,3,912.3
1257,2023-04-01,159,20,2,394.44
1258,2024-02-28,445,11,1,414.01
1259,2023-01-13,13,16,1,356.5
1260,2024-03-16,183,29,1,50.95
1261,2023-07-12,497,10,5,171.35
1262,2023-10-14,298,45,1,405.31
1263,2024-08-29,369,29,1,50.95
1264,2023-07-09,112,8,2,385.38
1265,2023-07-27,150,3,1,133.87
1266,2024-06-11,370,40,3,1038.57
1267,2023-02-09,10,34,5,293.55
1268,2024-05-23,319,47,1,36.15
1269,2023-05-30,48,47,3,108.45
1270,2023-09-17,256,8,1,192.69
1271,2024-09-17,53,27,5,706.5
1272,2023-07-23,60,47,1,36.15
1273,2024-01-10,408,25,1,203.79
1274,2024-11-16,365,36,3,227.97
1275,2024-08-02,113,37,1,437.53
1276,2024-11-18,91,4,2,16.36
1277,2024-01-14,202,21,1,123.2
1278,2023-09-07,45,22,1,419.03
1279,2024-04-18,60,37,1,437.53
1280,2024-03-06,224,16,3,1069.5
1281,2023-05-25,269,31,1,129.06
1282,2024-04-29,24,28,1,55.08
1283,2024-10-08,146,37,1,437.53
1284,2024-04-12,215,49,1,479.7
1285,2024-02-06,287,16,3,1069.5
1286,2023-10-21,129,11,5,2070.05
1287,2024-10-26,74,5,1,133.35
1288,2024-07-10,490,13,4,1996.6
1289,2024-03-16,236,40,1,346.19
1290,2024-01-25,355,34,1,58.71
1291,2024-10-14,393,44,4,1579.12
1292,2023-07-03,132,23,1,287.11
1293,2023-10-09,447,23,1,287.11
1294,2023-11-30,463,15,2,242.12
1295,2023-09-26,258,41,1,400.9
1296,2023-07-20,444,15,1,121.06
1297,2023-11-22,402,13,3,1497.45
1298,2024-04-18,206,7,3,460.8
1299,2024-04-14,165,30,5,257.85
1300,2024-07-14,481,1,1,315.67
1301,2023-03-16,332,41,1,400.9
1302,2024-08-25,244,36,1,75.99
1303,2023-05-16,127,49,4,1918.8
1304,2024-10-18,278,17,1,312.67
1305,2024-11-05,368,25,4,815.16
1306,2024-01-12,311,7,4,614.4
1307,2023-06-28,455,1,3,947.01
1308,2023-10-02,293,18,5,909.2
1309,2023-02-08,120,16,1,356.5
1310,2024-05-17,5,39,1,100.34
1311,2024-03-27,27,34,1,58.71
1312,2024-11-20,52,49,2,959.4
1313,2023-10-21,497,10,3,102.81
1314,2024-02-23,401,45,5,2026.55
1315,2024-03-11,237,6,1,401.4
1316,2024-08-31,339,50,1,15.67
1317,2023-05-19,99,9,3,912.3
1318,2024-09-29,411,1,1,315.67
1319,2023-12-29,445,42,4,1429.64
1320,2023-04-16,155,45,1,405.31
1321,2023-09-03,199,2,1,225.34
1322,2023-04-28,311,47,5,180.75
1323,2023-12-20,21,19,3,1040.67
1324,2023-03-24,254,8,5,963.45
1325,2023-02-09,107,48,1,41.29
1326,2024-10-27,64,25,3,611.37
1327,2024-06-13,207,23,6,1722.66
1328,2023-08-21,118,9,1,304.1
1329,2024-01-13,290,27,1,141.3
1330,2024-03-30,439,17,1,312.67
1331,2024-04-05,232,49,1,479.7
1332,2023-07-08,198,5,4,533.4
1333,2024-02-23,387,5,4,533.4
1334,2023-12-15,59,27,2,282.6
1335,2024-04-22,394,10,1,34.27
1336,2024-12-11,292,13,3,1497.45
1337,2024-04-22,367,28,3,165.24
1338,2023-09-16,184,10,4,137.08
1339,2024-09-02,365,41,4,1603.6
1340,2024-10-28,464,31,3,387.18
1341,2023-11-03,298,10,3,102.81
1342,2024-08-22,292,4,3,24.54
1343,2024-04-15,348,7,1,153.6
1344,2023-08-24,471,16,1,356.5
1345,2023-01-20,469,37,2,875.06
1346,2024-08-29,315,32,4,1701.8
1347,2024-06-04,222,26,3,620.07
1348,2024-11-12,499,28,4,220.32
1349,2023-01-07,33,33,1,321.26
1350,2024-01-19,67,24,2,637.56
1351,2024-10-27,155,36,1,75.99
1352,2023-09-04,289,50,1,15.67
1353,2024-10-16,499,50,3,47.01
1354,2024-12-28,112,28,2,110.16
1355,2024-09-09,266,13,1,499.15
1356,2024-07-19,282,17,5,1563.35
1357,2024-01-10,103,15,3,363.18
1358,2024-09-12,487,19,1,346.89
1359,2023-11-03,127,47,4,144.6
1360,2023-12-01,123,39,4,401.36
1361,2023-10-30,486,8,1,192.69
1362,2023-08-28,34,38,4,1121.56
1363,2023-09-25,205,14,1,156.41
1364,2024-12-01,120,46,4,1702.48
1365,2024-08-02,91,34,1,58.71
1366,2024-07-11,229,32,5,2127.25
1367,2024-09-12,500,31,1,129.06
1368,2024-07-15,431,5,1,133.35
1369,2023-06-01,287,20,3,591.66
1370,2023-03-30,365,6,2,802.8
1371,2023-03-02,5,30,3,154.71
1372,2023-10-10,149,32,3,1276.35
1373,2024-09-04,316,1,1,315.67
1374,2023-05-18,39,29,1,50.95
1375,2023-01-02,420,5,3,400.05
1376,2023-06-05,394,25,7,1426.53
1377,2023-01-29,278,12,1,293.43
1378,2023-10-23,248,24,1,318.78
1379,2024-09-02,439,50,1,15.67
1380,2023-05-09,137,16,4,1426.0
1381,2023-01-26,23,33,4,1285.04
1382,2024-07-18,258,48,4,165.16
1383,2024-11-07,356,12,2,586.86
1384,2023-05-01,72,4,1,8.18
1385,2023-06-26,179,19,4,1387.56
1386,2024-09-20,196,42,3,1072.23
1387,2024-08-20,333,10,1,34.27
1388,2024-02-17,99,45,1,405.31
1389,2023-08-16,167,12,1,293.43
1390,2024-09-25,108,39,1,100.34
1391,2024-05-08,437,43,1,74.94
1392,2023-08-01,329,9,1,304.1
1393,2023-09-24,268,11,3,1242.03
1394,2023-11-29,35,29,2,101.9
1395,2023-12-24,10,25,2,407.58
1396,2023-02-21,324,2,1,225.34
1397,2024-12-23,248,49,4,1918.8
1398,2023-10-16,235,37,1,437.53
1399,2023-10-20,290,13,1,499.15
1400,2023-01-02,192,27,1,141.3
1401,2023-10-13,189,24,1,318.78
1402,2024-04-07,213,21,1,123.2
1403,2023-12-29,449,45,4,1621.24
1404,2024-02-18,327,13,1,499.15
1405,2023-12-16,365,8,5,963.45
1406,2023-03-20,195,23,1,287.11
1407,2023-05-21,405,35,1,127.17
1408,2024-08-05,20,6,4,1605.6
1409,2024-10-02,233,23,2,574.22
1410,2024-07-19,408,18,1,181.84
1411,2023-02-03,207,27,1,141.3
1412,2024-12-21,424,44,4,1579.12
1413,2024-03-28,285,50,3,47.01
1414,2024-12-29,161,6,4,1605.6
1415,2024-10-31,58,6,2,802.8
1416,2024-09-24,497,13,1,499.15
1417,2023-08-16,262,26,1,206.69
1418,2024-11-17,309,39,3,301.02
1419,2024-04-23,385,13,3,1497.45
1420,2023-03-31,488,11,2,828.02
1421,2023-08-18,460,5,2,266.7
1422,2023-10-25,374,34,2,117.42
1423,2023-11-05,344,17,2,625.34
1424,2023-03-07,119,47,1,36.15
1425,2024-06-13,15,32,7,2978.15
1426,2024-10-21,489,6,2,802.8
1427,2024-03-11,280,21,1,123.2
1428,2023-08-25,479,7,1,153.6
1429,2024-03-30,365,14,5,782.05
1430,2024-02-24,175,21,1,123.2
1431,2023-06-11,458,38,3,841.17
1432,2024-09-04,447,33,3,963.78
1433,2024-10-23,83,1,1,315.67
1434,2024-05-18,107,26,5,1033.45
1435,2024-01-18,364,4,5,40.9
1436,2023-01-04,153,49,1,479.7
1437,2023-07-13,242,25,1,203.79
1438,2024-05-21,262,27,1,141.3
1439,2023-12-04,287,3,3,401.61
1440,2023-12-14,146,17,3,938.01
1441,2024-07-18,18,45,1,405.31
1442,2024-07-01,188,11,1,414.01
1443,2024-06-10,206,22,5,2095.15
1444,2024-01-19,57,45,4,1621.24
1445,2023-08-26,494,13,1,499.15
1446,2024-06-22,238,14,3,469.23
1447,2023-06-14,103,13,4,1996.6
1448,2023-12-04,119,2,2,450.68
1449,2024-06-24,469,14,6,938.46
1450,2024-04-21,16,25,2,407.58
1451,2023-07-06,363,35,5,635.85
1452,2023-08-05,331,16,1,356.5
1453,2024-09-17,264,27,1,141.3
1454,2023-07-15,203,15,1,121.06
1455,2024-02-21,48,19,1,346.89
1456,2024-07-30,70,27,1,141.3
1457,2024-01-05,429,36,4,303.96
1458,2024-12-18,321,31,4,516.24
1459,2023-07-18,317,10,1,34.27
1460,2023-01-31,329,34,1,58.71
1461,2024-05-05,380,23,1,287.11
1462,2023-12-23,180,26,2,413.38
1463,2024-02-16,282,41,1,400.9
1464,2023-08-03,51,24,1,318.78
1465,2024-03-30,51,10,3,102.81
1466,2024-10-16,218,30,4,206.28
1467,2023-08-16,249,18,1,181.84
1468,2023-12-21,458,9,5,1520.5
1469,2024-10-26,251,45,1,405.31
1470,2023-03-04,499,35,1,127.17
1471,2023-07-02,494,46,1,425.62
1472,2023-12-16,2,17,4,1250.68
1473,2024-11-07,435,10,2,68.54
1474,2024-06-06,31,35,4,508.68
1475,2023-11-20,204,47,4,144.6
1476,2023-10-31,454,4,1,8.18
1477,2024-12-16,428,28,3,165.24
1478,2023-10-06,1,48,4,165.16
1479,2023-05-29,353,26,1,206.69
1480,2024-06-19,255,35,2,254.34
1481,2024-11-28,483,32,6,2552.7
1482,2023-09-01,134,39,4,401.36
1483,2024-11-12,245,31,3,387.18
1484,2024-07-15,160,32,5,2127.25
1485,2023-03-23,355,42,1,357.41
1486,2023-03-28,207,24,1,318.78
1487,2023-05-25,269,38,1,280.39
1488,2023-04-03,201,38,4,1121.56
1489,2023-02-08,460,5,1,133.35
1490,2024-10-07,269,5,3,400.05
1491,2023-05-18,481,40,1,346.19
1492,2023-11-24,145,48,4,165.16
1493,2023-09-19,259,12,1,293.43
1494,2023-07-08,17,14,1,156.41
1495,2023-02-27,295,4,1,8.18
1496,2023-10-27,138,36,1,75.99
1497,2024-11-19,327,22,6,2514.18
1498,2023-11-23,152,8,5,963.45
1499,2024-03-22,254,41,5,2004.5
1500,2023-03-16,490,20,1,197.22
1501,2023-09-26,15,11,1,414.01
1502,2024-11-09,146,6,6,2408.4
1503,2024-06-07,380,17,5,1563.35
1504,2024-05-16,60,38,1,280.39
1505,2023-04-23,150,39,1,100.34
1506,2024-08-22,414,42,1,357.41
1507,2024-02-24,364,31,4,516.24
1508,2023-06-24,139,44,4,1579.12
1509,2023-10-16,81,26,1,206.69
1510,2023-01-17,366,21,1,123.2
1511,2024-07-17,83,28,1,55.08
1512,2023-04-03,343,14,1,156.41
1513,2023-02-16,271,39,1,100.34
1514,2023-04-23,299,44,1,394.78
1515,2023-09-22,109,26,1,206.69
1516,2023-09-09,6,33,1,321.26
1517,2024-06-08,289,12,2,586.86
1518,2023-10-14,84,47,2,72.3
1519,2023-07-30,399,4,1,8.18
1520,2023-10-02,131,14,1,156.41
1521,2024-04-28,16,2,1,225.34
1522,2023-08-10,254,44,1,394.78
1523,2023-12-31,117,43,3,224.82
1524,2023-12-06,37,35,4,508.68
1525,2024-07-24,372,31,3,387.18
1526,2023-06-27,411,4,7,57.26
1527,2024-09-10,234,31,2,258.12
1528,2023-03-06,293,35,1,127.17
1529,2023-08-05,88,22,5,2095.15
1530,2024-08-21,4,5,5,666.75
1531,2023-08-23,161,49,1,479.7
1532,2023-09-12,371,3,1,133.87
1533,2024-07-19,207,40,3,1038.57
1534,2024-10-22,35,10,1,34.27
1535,2023-01-08,407,45,1,405.31
1536,2024-10-29,463,33,1,321.26
1537,2024-03-06,324,50,4,62.68
1538,2023-08-02,475,5,1,133.35
1539,2024-06-15,388,5,6,800.1
1540,2024-07-13,488,31,3,387.18
1541,2024-03-17,47,35,1,127.17
1542,2024-09-04,325,2,1,225.34
1543,2024-09-10,273,49,1,479.7
1544,2024-08-19,265,44,1,394.78
1545,2024-07-15,368,19,1,346.89
1546,2024-07-18,268,25,1,203.79
1547,2023-06-25,386,31,6,774.36
1548,2024-01-23,137,24,1,318.78
1549,2024-12-09,435,14,5,782.05
1550,2024-04-15,151,3,5,669.35
1551,2024-03-23,71,45,5,2026.55
1552,2024-06-11,383,28,3,165.24
1553,2023-03-25,10,50,5,78.35
1554,2024-08-14,498,28,1,55.08
1555,2024-07-23,452,47,5,180.75
1556,2023-06-02,57,4,3,24.54
1557,2024-11-08,58,19,4,1387.56
1558,2023-03-09,50,7,1,153.6
1559,2024-02-17,3,43,1,74.94
1560,2024-03-27,494,31,1,129.06
1561,2023-08-22,434,21,1,123.2
1562,2024-07-03,70,27,3,423.9
1563,2023-02-12,353,32,1,425.45
1564,2023-09-30,43,12,4,1173.72
1565,2023-04-02,326,44,1,394.78
1566,2023-07-15,45,8,1,192.69
1567,2023-09-29,149,47,1,36.15
1568,2023-01-21,349,45,1,405.31
1569,2023-01-30,165,35,3,381.51
1570,2024-02-05,71,11,1,414.01
1571,2024-08-11,288,31,1,129.06
1572,2024-05-17,253,23,1,287.11
1573,2023-08-16,409,26,1,206.69
1574,2024-02-17,173,47,5,180.75
1575,2023-10-27,253,39,1,100.34
1576,2024-02-03,438,48,1,41.29
1577,2023-07-18,282,12,1,293.43
1578,2023-06-17,496,3,5,669.35
1579,2023-09-23,379,3,1,133.87
1580,2024-06-23,428,32,7,2978.15
1581,2024-01-30,66,4,1,8.18
1582,2024-06-13,240,6,4,1605.6
1583,2024-05-27,39,42,1,357.41
1584,2023-12-31,106,19,3,1040.67
1585,2023-10-26,146,36,1,75.99
1586,2023-03-06,488,2,1,225.34
1587,2024-10-12,171,6,1,401.4
1588,2024-03-25,487,7,1,153.6
1589,2024-12-31,217,47,4,144.6
1590,2024-03-14,343,39,1,100.34
1591,2024-01-14,499,29,3,152.85
1592,2023-03-30,425,39,1,100.34
1593,2024-11-18,426,39,6,602.04
1594,2024-05-09,457,34,1,58.71
1595,2024-08-25,297,16,1,356.5
1596,2023-02-12,234,9,1,304.1
1597,2024-02-19,388,31,4,516.24
1598,2024-11-07,360,16,4,1426.0
1599,2024-09-08,74,48,1,41.29
1600,2023-01-25,220,34,1,58.71
1601,2024-01-16,178,40,1,346.19
1602,2024-01-04,108,17,1,312.67
1603,2024-06-01,390,10,2,68.54
1604,2024-11-24,91,11,4,1656.04
1605,2024-05-26,57,11,1,414.01
1606,2024-10-22,81,1,2,631.34
1607,2024-03-07,468,18,4,727.36
1608,2023-03-04,261,12,1,293.43
1609,2023-06-15,298,46,4,1702.48
1610,2023-02-09,410,30,1,51.57
1611,2024-08-08,255,2,5,1126.7
1612,2024-03-14,424,18,1,181.84
1613,2024-06-08,272,45,4,1621.24
1614,2023-11-27,291,4,7,57.26
1615,2023-01-17,391,37,1,437.53
1616,2024-09-12,41,38,1,280.39
1617,2023-12-17,380,48,4,165.16
1618,2023-03-05,218,5,1,133.35
1619,2023-01-25,244,11,1,414.01
1620,2023-09-28,85,27,3,423.9
1621,2023-09-18,258,38,4,1121.56
1622,2024-09-27,284,30,1,51.57
1623,2023-05-24,392,37,3,1312.59
1624,2024-01-22,276,2,1,225.34
1625,2024-06-07,99,31,2,258.12
1626,2024-02-04,407,25,1,203.79
1627,2023-06-02,162,15,4,484.24
1628,2024-01-07,263,28,1,55.08
1629,2023-10-20,396,39,4,401.36
1630,2024-10-13,433,45,3,1215.93
1631,2024-09-29,239,37,1,437.53
1632,2024-02-22,419,47,4,144.6
1633,2024-01-31,72,12,1,293.43
1634,2024-06-13,161,20,4,788.88
1635,2023-06-19,105,3,2,267.74
1636,2023-08-12,209,16,1,356.5
1637,2023-11-07,30,49,3,1439.1
1638,2024-12-30,222,32,8,3403.6
1639,2023-01-14,207,10,1,34.27
1640,2023-06-18,354,26,3,620.07
1641,2024-04-15,444,17,2,625.34
1642,2024-12-01,484,21,4,492.8
1643,2023-03-08,462,25,1,203.79
1644,2024-02-28,38,36,1,75.99
1645,2024-07-08,130,24,4,1275.12
1646,2024-08-12,426,27,1,141.3
1647,2023-03-15,294,14,1,156.41
1648,2024-07-17,34,30,1,51.57
1649,2024-05-13,56,44,1,394.78
1650,2023-11-16,19,39,3,301.02
1651,2023-12-29,306,43,3,224.82
1652,2024-04-11,130,27,2,282.6
1653,2024-07-10,352,30,3,154.71
1654,2023-02-24,56,15,1,121.06
1655,2023-08-18,361,18,1,181.84
1656,2024-02-24,115,22,1,419.03
1657,2024-09-09,181,31,4,516.24
1658,2023-10-16,126,40,3,1038.57
1659,2023-02-16,388,45,1,405.31
1660,2024-12-14,373,43,2,149.88
1661,2023-10-17,325,48,1,41.29
1662,2023-11-24,359,17,3,938.01
1663,2023-04-06,461,29,1,50.95
1664,2024-11-13,379,50,3,47.01
1665,2023-05-18,83,5,1,133.35
1666,2024-08-15,379,9,5,1520.5
1667,2024-12-13,197,16,3,1069.5
1668,2023-04-30,462,7,1,153.6
1669,2023-06-02,355,29,2,101.9
1670,2023-12-01,428,23,7,2009.77
1671,2023-05-30,175,43,1,74.94
1672,2023-09-29,171,36,1,75.99
1673,2024-04-28,429,18,1,181.84
1674,2024-05-26,130,48,1,41.29
1675,2023-07-09,361,16,3,1069.5
1676,2024-09-30,141,36,1,75.99
1677,2024-12-18,159,42,3,1072.23
1678,2024-08-17,149,14,1,156.41
1679,2024-08-16,400,36,1,75.99
1680,2024-07-31,93,29,1,50.95
1681,2023-08-14,139,43,1,74.94
1682,2023-05-04,194,37,2,875.06
1683,2023-11-18,144,30,2,103.14
1684,2023-07-09,44,14,1,156.41
1685,2023-10-10,283,24,4,1275.12
1686,2024-04-20,281,50,5,78.35
1687,2023-04-24,209,44,1,394.78
1688,2023-12-28,208,40,3,1038.57
1689,2024-07-27,354,47,1,36.15
1690,2023-09-25,157,4,1,8.18
1691,2023-07-04,145,28,1,55.08
1692,2024-03-22,183,49,1,479.7
1693,2023-03-08,362,1,1,315.67
1694,2023-07-12,455,31,4,516.24
1695,2023-03-10,203,12,5,1467.15
1696,2023-01-26,465,14,4,625.64
1697,2024-12-30,91,38,4,1121.56
1698,2024-07-28,405,28,1,55.08
1699,2024-07-21,424,24,1,318.78
1700,2023-01-11,246,41,1,400.9
1701,2023-05-19,259,31,1,129.06
1702,2023-05-09,312,16,1,356.5
1703,2023-12-26,477,42,2,714.82
1704,2023-06-27,395,11,7,2898.07
1705,2024-07-29,335,27,1,141.3
1706,2024-09-11,111,39,1,100.34
1707,2023-12-19,493,10,5,171.35
1708,2023-06-28,466,37,8,3500.24
1709,2024-08-15,20,10,1,34.27
1710,2023-03-14,466,26,1,206.69
1711,2024-04-08,55,3,1,133.87
1712,2024-01-26,29,46,4,1702.48
1713,2023-11-12,358,36,4,303.96
1714,2024-05-30,391,16,1,356.5
1715,2024-04-20,342,33,4,1285.04
1716,2023-12-09,42,26,4,826.76
1717,2023-01-01,213,21,1,123.2
1718,2024-06-12,479,1,5,1578.35
1719,2024-03-30,60,37,4,1750.12
1720,2024-09-20,112,50,1,15.67
1721,2024-12-23,475,44,2,789.56
1722,2023-01-10,357,26,3,620.07
1723,2024-01-27,394,4,1,8.18
1724,2023-07-06,156,41,2,801.8
1725,2023-10-09,78,46,1,425.62
1726,2024-12-02,22,37,3,1312.59
1727,2023-09-18,462,2,1,225.34
1728,2023-12-02,214,11,4,1656.04
1729,2023-08-17,246,17,1,312.67
1730,2024-01-01,250,46,5,2128.1
1731,2023-12-07,270,3,4,535.48
1732,2023-06-19,183,49,4,1918.8
1733,2023-03-08,428,44,1,394.78
1734,2024-10-24,64,50,1,15.67
1735,2023-11-04,362,20,4,788.88
1736,2024-11-22,233,28,3,165.24
1737,2023-05-19,14,21,1,123.2
1738,2023-07-24,482,2,1,225.34
1739,2023-07-05,238,38,1,280.39
1740,2023-10-03,11,31,1,129.06
1741,2023-06-24,80,38,6,1682.34
1742,2023-04-28,114,40,1,346.19
1743,2023-01-21,56,35,2,254.34
1744,2024-06-20,67,48,4,165.16
1745,2024-10-11,130,36,1,75.99
1746,2023-11-08,87,11,3,1242.03
1747,2024-05-26,284,18,1,181.84
1748,2023-01-07,499,29,1,50.95
1749,2024-04-26,90,32,1,425.45
1750,2024-02-13,476,10,1,34.27
1751,2023-01-19,9,7,1,153.6
1752,2023-07-22,360,41,1,400.9
1753,2023-05-15,247,43,1,74.94
1754,2024-05-07,37,41,1,400.9
1755,2024-08-21,26,29,5,254.75
1756,2024-01-23,366,10,5,171.35
1757,2024-02-21,270,35,1,127.17
1758,2024-09-03,246,23,1,287.11
1759,2023-07-08,166,2,1,225.34
1760,2024-07-25,185,1,1,315.67
1761,2023-07-05,358,36,1,75.99
1762,2023-10-31,473,24,1,318.78
1763,2024-07-03,165,7,1,153.6
1764,2024-12-27,120,18,7,1272.88
1765,2024-10-08,458,9,1,304.1
1766,2024-01-18,498,48,5,206.45
1767,2024-08-28,107,26,4,826.76
1768,2024-11-06,372,43,5,374.7
1769,2023-02-02,9,40,1,346.19
1770,2023-01-21,226,38,1,280.39
1771,2024-04-14,470,27,1,141.3
1772,2023-11-10,489,24,4,1275.12
1773,2024-11-26,21,24,2,637.56
1774,2024-11-08,257,29,2,101.9
1775,2024-02-27,367,26,3,620.07
1776,2023-07-11,387,31,3,387.18
1777,2023-04-26,114,37,3,1312.59
1778,2024-02-01,456,31,1,129.06
1779,2024-06-26,296,40,3,1038.57
1780,2024-12-09,73,48,3,123.87
1781,2024-07-01,292,46,1,425.62
1782,2024-05-23,146,7,1,153.6
1783,2024-03-18,51,20,1,197.22
1784,2023-08-13,141,42,1,357.41
1785,2024-08-23,342,39,1,100.34
1786,2023-01-16,240,11,1,414.01
1787,2024-01-13,82,47,1,36.15
1788,2023-02-05,294,10,1,34.27
1789,2024-06-18,9,10,4,137.08
1790,2023-09-12,462,50,1,15.67
1791,2023-03-25,370,47,3,108.45
1792,2023-09-25,414,31,1,129.06
1793,2024-07-29,264,22,1,419.03
1794,2023-06-25,117,4,7,57.26
1795,2024-07-07,436,30,1,51.57
1796,2024-05-14,155,19,1,346.89
1797,2024-01-17,139,22,3,1257.09
1798,2024-05-03,172,32,1,425.45
1799,2023-07-25,11,32,1,425.45
1800,2023-02-27,109,36,1,75.99
1801,2024-10-13,387,7,1,153.6
1802,2024-05-22,444,27,1,141.3
1803,2023-04-19,109,22,1,419.03
1804,2024-03-07,160,44,1,394.78
1805,2023-03-19,149,22,1,419.03
1806,2023-09-08,200,48,2,82.58
1807,2024-11-26,300,33,2,642.52
1808,2023-11-22,456,21,8,985.6
1809,2023-07-17,92,33,1,321.26
1810,2024-09-07,224,45,1,405.31
1811,2023-01-16,363,36,1,75.99
1812,2023-12-09,21,39,2,200.68
1813,2023-11-11,185,40,5,1730.95
1814,2024-09-16,444,41,1,400.9
1815,2024-04-22,448,20,1,197.22
1816,2024-05-06,77,9,3,912.3
1817,2024-12-17,271,23,4,1148.44
1818,2023-06-08,241,20,4,788.88
1819,2024-11-02,27,46,5,2128.1
1820,2024-03-29,53,41,1,400.9
1821,2024-07-15,220,10,1,34.27
1822,2023-08-10,296,8,1,192.69
1823,2023-12-02,31,3,2,267.74
1824,2024-01-07,145,28,3,165.24
1825,2023-07-07,141,47,1,36.15
1826,2023-02-21,61,46,1,425.62
1827,2023-10-09,396,16,1,356.5
1828,2023-11-21,125,26,4,826.76
1829,2023-11-18,458,17,3,938.01
1830,2024-06-02,3,35,4,508.68
1831,2023-12-09,448,16,2,713.0
1832,2023-11-12,174,10,7,239.89
1833,2024-03-26,232,46,1,425.62
1834,2024-08-11,446,18,1,181.84
1835,2023-08-30,205,50,5,78.35
1836,2024-02-07,225,48,4,165.16
1837,2023-05-14,371,4,1,8.18
1838,2023-10-17,356,13,1,499.15
1839,2023-04-10,469,3,5,669.35
1840,2024-01-16,276,14,1,156.41
1841,2024-01-14,151,50,3,47.01
1842,2023-01-23,187,10,1,34.27
1843,2023-07-09,151,30,3,154.71
1844,2023-01-10,73,42,3,1072.23
1845,2023-05-28,280,17,1,312.67
1846,2023-12-04,313,15,4,484.24
1847,2024-08-27,257,11,1,414.01
1848,2023-04-10,355,4,1,8.18
1849,2023-06-22,244,39,3,301.02
1850,2023-04-12,257,15,1,121.06
1851,2024-02-08,159,14,1,156.41
1852,2024-03-04,192,33,1,321.26
1853,2023-02-07,409,17,1,312.67
1854,2023-01-11,277,12,3,880.29
1855,2024-11-06,107,42,4,1429.64
1856,2024-12-13,184,5,3,400.05
1857,2024-05-06,375,20,1,197.22
1858,2023-11-24,361,43,4,299.76
1859,2023-09-24,355,5,1,133.35
1860,2023-05-18,44,50,3,47.01
1861,2024-06-30,61,4,5,40.9
1862,2024-03-18,394,29,1,50.95
1863,2023-11-25,13,12,2,586.86
1864,2023-04-23,252,25,1,203.79
1865,2023-05-19,390,4,1,8.18
1866,2024-08-30,321,37,1,437.53
1867,2024-11-23,313,12,4,1173.72
1868,2023-10-26,176,9,1,304.1
1869,2023-02-26,138,35,5,635.85
1870,2024-07-21,321,10,4,137.08
1871,2023-02-15,120,13,4,1996.6
1872,2023-12-27,364,11,2,828.02
1873,2024-06-11,194,26,3,620.07
1874,2024-04-11,43,12,1,293.43
1875,2023-10-29,10,8,1,192.69
1876,2023-08-21,264,42,1,357.41
1877,2023-12-04,86,47,6,216.9
1878,2023-11-12,163,32,2,850.9
1879,2024-05-21,284,22,1,419.03
1880,2024-05-24,330,39,1,100.34
1881,2024-12-13,49,25,5,1018.95
1882,2023-05-07,57,20,3,591.66
1883,2023-01-06,29,4,3,24.54
1884,2024-08-30,453,11,5,2070.05
1885,2023-10-01,224,14,1,156.41
1886,2023-06-18,128,50,3,47.01
1887,2023-10-24,42,5,2,266.7
1888,2023-10-21,3,10,1,34.27
1889,2023-06-03,359,8,3,578.07
1890,2024-06-10,359,28,6,330.48
1891,2023-09-19,188,15,1,121.06
1892,2024-12-30,379,28,3,165.24
1893,2024-04-03,278,17,1,312.67
1894,2023-09-26,67,17,1,312.67
1895,2023-03-11,34,38,3,841.17
1896,2024-03-02,326,48,3,123.87
1897,2023-01-23,385,23,4,1148.44
1898,2023-01-23,381,29,3,152.85
1899,2023-07-08,242,48,2,82.58
1900,2024-11-26,196,47,2,72.3
1901,2023-08-16,188,19,1,346.89
1902,2024-02-28,53,9,1,304.1
1903,2023-08-12,404,43,1,74.94
1904,2024-05-31,413,6,2,802.8
1905,2024-03-31,190,29,1,50.95
1906,2023-09-21,170,30,1,51.57
1907,2023-05-30,249,7,4,614.4
1908,2024-05-17,218,45,1,405.31
1909,2024-04-11,363,29,1,50.95
1910,2023-08-02,179,3,1,133.87
1911,2023-02-25,38,1,3,947.01
1912,2024-10-30,39,19,3,1040.67
1913,2024-09-19,248,30,1,51.57
1914,2024-08-01,395,28,1,55.08
1915,2024-09-27,309,22,1,419.03
1916,2024-11-07,490,37,7,3062.71
1917,2024-06-22,356,41,6,2405.4
1918,2024-01-29,275,17,3,938.01
1919,2023-09-20,58,1,4,1262.68
1920,2023-06-07,148,48,4,165.16
1921,2023-06-04,16,29,2,101.9
1922,2024-07-23,325,3,2,267.74
1923,2023-11-08,197,21,5,616.0
1924,2023-04-24,63,37,1,437.53
1925,2024-07-21,357,46,1,425.62
1926,2024-09-03,316,26,1,206.69
1927,2024-07-22,428,46,3,1276.86
1928,2024-12-25,168,38,4,1121.56
1929,2023-02-12,292,9,1,304.1
1930,2023-01-11,318,32,2,850.9
1931,2023-12-13,393,2,2,450.68
1932,2023-03-06,392,32,1,425.45
1933,2023-07-21,441,46,1,425.62
1934,2024-09-12,296,50,1,15.67
1935,2023-04-08,425,12,4,1173.72
1936,2024-09-24,489,38,4,1121.56
1937,2024-05-05,129,13,1,499.15
1938,2024-07-14,358,34,5,293.55
1939,2024-06-09,418,21,5,616.0
1940,2023-07-12,385,16,1,356.5
1941,2024-06-02,363,29,5,254.75
1942,2023-08-06,211,5,1,133.35
1943,2024-11-12,176,7,4,614.4
1944,2024-08-05,484,44,4,1579.12
1945,2023-03-18,164,42,2,714.82
1946,2023-05-16,20,3,1,133.87
1947,2023-03-03,302,2,1,225.34
1948,2023-08-19,130,1,1,315.67
1949,2024-02-16,379,28,1,55.08
1950,2024-03-23,200,49,1,479.7
1951,2023-05-05,151,6,4,1605.6
1952,2023-01-30,301,22,1,419.03
1953,2024-03-26,478,17,1,312.67
1954,2023-06-02,484,19,3,1040.67
1955,2023-10-04,367,3,4,535.48
1956,2023-01-28,387,13,1,499.15
1957,2024-10-10,67,31,3,387.18
1958,2024-02-06,296,38,1,280.39
1959,2024-11-28,74,50,4,62.68
1960,2024-09-23,416,24,4,1275.12
1961,2023-05-30,426,49,1,479.7
1962,2023-06-18,135,3,4,535.48
1963,2023-01-21,168,39,1,100.34
1964,2023-07-02,59,20,5,986.1
1965,2023-03-26,305,27,1,141.3
1966,2024-10-20,12,40,5,1730.95
1967,2024-10-31,391,23,3,861.33
1968,2024-11-23,17,30,3,154.71
1969,2023-01-16,27,45,1,405.31
1970,2023-04-07,186,32,1,425.45
1971,2023-09-28,426,42,1,357.41
1972,2024-11-24,410,34,4,234.84
1973,2024-04-13,18,47,1,36.15
1974,2023-04-28,12,5,1,133.35
1975,2023-07-12,471,41,1,400.9
1976,2023-07-12,289,16,1,356.5
1977,2024-02-19,172,27,3,423.9
1978,2023-10-02,487,10,4,137.08
1979,2024-04-20,368,24,1,318.78
1980,2023-08-16,21,19,1,346.89
1981,2023-08-09,353,49,1,479.7
1982,2023-02-27,4,25,2,407.58
1983,2023-01-12,304,44,1,394.78
1984,2023-08-24,176,2,1,225.34
1985,2023-02-15,105,26,1,206.69
1986,2023-07-29,253,18,1,181.84
1987,2024-10-06,89,29,1,50.95
1988,2023-11-01,65,38,3,841.17
1989,2023-05-02,15,46,5,2128.1
1990,2023-01-26,494,39,1,100.34
1991,2023-03-20,415,16,5,1782.5
1992,2023-10-31,242,49,1,479.7
1993,2023-10-25,259,37,3,1312.59
1994,2024-03-22,296,24,1,318.78
1995,2023-09-21,315,44,1,394.78
1996,2023-09-27,413,31,1,129.06
1997,2023-04-04,393,28,1,55.08
1998,2023-12-03,302,35,3,381.51
1999,2024-05-16,288,7,1,153.6
2000,2023-03-19,158,16,1,356.5
2001,2023-01-25,57,41,1,400.9
2002,2024-01-11,61,44,1,394.78
2003,2024-05-19,190,21,1,123.2
2004,2023-08-08,78,43,1,74.94
2005,2024-02-11,169,30,1,51.57
2006,2024-07-14,211,26,1,206.69
2007,2023-06-05,447,33,2,642.52
2008,2023-07-22,61,27,1,141.3
2009,2023-06-23,153,38,5,1401.95
2010,2023-05-10,101,49,4,1918.8
2011,2024-12-07,448,5,2,266.7
2012,2023-11-08,377,20,3,591.66
2013,2024-09-26,67,39,1,100.34
2014,2024-06-27,285,27,3,423.9
2015,2024-04-02,289,25,3,611.37
2016,2023-01-21,168,47,1,36.15
2017,2023-07-14,130,15,1,121.06
2018,2024-12-15,197,22,2,838.06
2019,2024-08-07,353,2,1,225.34
2020,2024-04-22,480,3,5,669.35
2021,2023-01-25,48,19,1,346.89
2022,2024-12-05,473,19,2,693.78
2023,2023-01-14,275,19,1,346.89
2024,2024-08-25,228,24,1,318.78
2025,2023-04-06,289,50,1,15.67
2026,2023-01-28,321,2,1,225.34
2027,2024-01-28,54,17,1,312.67
2028,2024-02-15,417,20,2,394.44
2029,2024-01-05,263,40,1,346.19
2030,2023-03-01,14,40,1,346.19
2031,2023-08-11,493,13,1,499.15
2032,2023-01-01,382,18,3,545.52
2033,2023-09-26,322,25,1,203.79
2034,2023-06-13,331,39,3,301.02
2035,2023-03-22,269,24,1,318.78
2036,2024-10-16,150,10,5,171.35
2037,2023-10-23,452,30,1,51.57
2038,2023-07-17,465,11,1,414.01
2039,2023-09-30,42,9,1,304.1
2040,2024-08-14,76,45,1,405.31
2041,2023-03-14,92,27,1,141.3
2042,2024-04-03,465,14,4,625.64
2043,2023-05-21,151,24,1,318.78
2044,2023-06-06,126,34,2,117.42
2045,2024-05-17,206,31,1,129.06
2046,2023-03-21,468,34,5,293.55
2047,2023-04-13,486,43,1,74.94
2048,2024-10-27,166,12,1,293.43
2049,2023-12-07,127,28,6,330.48
2050,2023-05-19,393,49,1,479.7
2051,2023-11-09,429,6,5,2007.0
2052,2024-10-30,102,38,1,280.39
2053,2023-10-19,313,44,1,394.78
2054,2024-09-15,490,32,3,1276.35
2055,2023-01-22,301,28,2,110.16
2056,2024-02-12,93,42,1,357.41
2057,2023-12-08,89,30,6,309.42
2058,2024-11-23,410,7,3,460.8
2059,2024-10-18,376,21,1,123.2
2060,2024-09-17,488,19,1,346.89
2061,2023-02-11,200,5,1,133.35
2062,2024-03-15,4,41,3,1202.7
2063,2023-02-22,159,15,3,363.18
2064,2023-03-10,486,25,1,203.79
2065,2023-10-22,389,24,5,1593.9
2066,2024-12-08,163,23,3,861.33
2067,2023-09-10,58,19,1,346.89
2068,2024-11-02,345,24,6,1912.68
2069,2024-06-16,193,36,4,303.96
2070,2023-10-06,300,34,1,58.71
2071,2024-10-04,168,44,1,394.78
2072,2023-02-19,431,38,1,280.39
2073,2023-04-26,186,44,2,789.56
2074,2023-05-13,213,39,1,100.34
2075,2023-09-25,308,1,1,315.67
2076,2024-09-13,461,6,2,802.8
2077,2023-12-15,363,35,3,381.51
2078,2024-04-14,300,33,1,321.26
2079,2023-09-29,311,33,3,963.78
2080,2023-05-08,250,48,1,41.29
2081,2024-06-12,326,25,4,815.16
2082,2024-09-22,489,6,1,401.4
2083,2024-06-27,47,45,3,1215.93
2084,2023-02-20,40,7,3,460.8
2085,2023-05-25,295,28,1,55.08
2086,2024-10-19,419,15,1,121.06
2087,2024-09-02,260,2,4,901.36
2088,2024-08-31,483,7,1,153.6
2089,2023-11-24,448,6,3,1204.2
2090,2024-05-20,461,23,1,287.11
2091,2023-03-02,267,20,2,394.44
2092,2024-03-03,402,21,1,123.2
2093,2024-07-17,127,34,1,58.71
2094,2024-11-10,483,17,3,938.01
2095,2024-01-26,101,50,2,31.34
2096,2023-04-06,327,17,1,312.67
2097,2024-04-04,497,30,2,103.14
2098,2023-02-11,483,41,2,801.8
2099,2024-11-18,86,41,4,1603.6
2100,2023-01-30,283,30,1,51.57
2101,2023-09-01,149,40,3,1038.57
2102,2023-11-07,461,31,3,387.18
2103,2023-11-20,66,26,4,826.76
2104,2024-02-20,338,27,1,141.3
2105,2024-08-06,396,38,1,280.39
2106,2023-05-07,358,12,1,293.43
2107,2024-08-06,385,12,1,293.43
2108,2023-04-25,321,11,1,414.01
2109,2024-04-10,13,18,1,181.84
2110,2023-03-28,46,50,1,15.67
2111,2024-03-01,297,21,1,123.2
2112,2023-04-13,339,22,1,419.03
2113,2024-03-15,34,10,2,68.54
2114,2024-01-22,167,40,1,346.19
2115,2023-11-16,462,36,3,227.97
2116,2024-12-02,323,34,3,176.13
2117,2024-03-14,56,21,3,369.6
2118,2024-07-12,110,46,2,851.24
2119,2023-04-09,286,9,1,304.1
2120,2023-02-24,192,28,5,275.4
2121,2023-01-21,465,19,1,346.89
2122,2023-03-29,351,35,2,254.34
2123,2023-05-05,300,41,1,400.9
2124,2024-09-19,293,26,1,206.69
2125,2024-04-07,329,25,1,203.79
2126,2023-08-10,273,36,1,75.99
2127,2024-02-16,125,46,1,425.62
2128,2024-11-15,80,36,2,151.98
2129,2024-07-16,209,16,1,356.5
2130,2023-04-27,83,34,3,176.13
2131,2024-02-12,111,15,1,121.06
2132,2024-06-19,200,39,6,602.04
2133,2024-06-27,481,40,3,1038.57
2134,2023-09-13,418,40,2,692.38
2135,2024-02-10,8,16,1,356.5
2136,2023-09-06,497,35,1,127.17
2137,2023-01-04,398,1,1,315.67
2138,2023-04-09,371,15,1,121.06
2139,2024-07-23,80,41,1,400.9
2140,2024-10-19,439,23,2,574.22
2141,2023-08-07,339,13,1,499.15
2142,2024-07-05,229,33,1,321.26
2143,2023-12-30,438,2,4,901.36
2144,2023-07-19,324,42,4,1429.64
2145,2024-07-17,472,29,1,50.95
2146,2023-03-11,3,25,5,1018.95
2147,2023-08-25,172,27,1,141.3
2148,2024-05-20,325,11,1,414.01
2149,2023-10-14,166,30,1,51.57
2150,2023-07-20,259,45,1,405.31
2151,2023-04-23,325,21,4,492.8
2152,2024-07-25,86,25,1,203.79
2153,2023-08-30,348,24,2,637.56
2154,2023-08-22,431,42,1,357.41
2155,2024-06-23,23,2,2,450.68
2156,2023-09-28,390,4,1,8.18
2157,2023-01-30,163,40,1,346.19
2158,2023-06-02,468,42,6,2144.46
2159,2023-04-02,101,44,3,1184.34
2160,2024-02-13,245,24,1,318.78
2161,2023-08-09,435,12,5,1467.15
2162,2023-11-08,240,1,2,631.34
2163,2023-12-09,239,26,7,1446.83
2164,2024-11-24,152,7,2,307.2
2165,2023-01-16,439,13,2,998.3
2166,2024-05-22,206,17,1,312.67
2167,2023-09-27,429,13,2,998.3
2168,2024-01-26,372,46,5,2128.1
2169,2023-09-11,175,14,1,156.41
2170,2024-03-25,455,6,1,401.4
2171,2024-07-29,468,36,1,75.99
2172,2023-01-27,379,25,1,203.79
2173,2024-02-15,16,26,1,206.69
2174,2023-06-15,278,22,4,1676.12
2175,2024-09-15,300,26,1,206.69
2176,2024-07-07,250,43,1,74.94
2177,2023-11-08,387,8,3,578.07
2178,2024-10-04,61,7,1,153.6
2179,2023-12-31,189,47,6,216.9
2180,2023-07-27,284,15,1,121.06
2181,2023-07-24,214,33,1,321.26
2182,2023-11-30,106,39,2,200.68
2183,2024-11-14,266,46,2,851.24
2184,2024-08-30,161,26,5,1033.45
2185,2024-07-23,230,12,2,586.86
2186,2023-02-05,300,50,1,15.67
2187,2023-09-07,300,22,1,419.03
2188,2024-10-15,365,44,1,394.78
2189,2024-01-25,363,1,1,315.67
2190,2023-01-28,334,47,1,36.15
2191,2023-01-23,231,29,1,50.95
2192,2023-12-05,161,49,2,959.4
2193,2023-10-21,465,48,1,41.29
2194,2024-09-29,390,24,2,637.56
2195,2024-07-22,420,27,1,141.3
2196,2023-07-06,428,44,1,394.78
2197,2024-12-01,139,10,4,137.08
2198,2023-11-06,388,16,2,713.0
2199,2023-04-04,119,14,5,782.05
2200,2024-11-05,384,21,6,739.2
2201,2024-04-01,251,36,1,75.99
2202,2024-05-09,318,46,2,851.24
2203,2024-07-12,235,36,1,75.99
2204,2024-06-26,125,26,2,413.38
2205,2023-01-09,115,44,1,394.78
2206,2024-02-03,153,22,1,419.03
2207,2024-08-04,111,4,2,16.36
2208,2024-02-01,120,2,3,676.02
2209,2023-05-14,88,30,1,51.57
2210,2024-07-08,20,8,1,192.69
2211,2023-06-02,200,20,4,788.88
2212,2024-08-25,353,20,2,394.44
2213,2023-12-25,344,36,3,227.97
2214,2024-10-02,361,20,1,197.22
2215,2024-11-10,331,22,4,1676.12
2216,2024-10-07,414,12,1,293.43
2217,2023-09-07,108,50,1,15.67
2218,2023-11-14,89,35,4,508.68
2219,2023-03-25,280,38,5,1401.95
2220,2023-03-24,421,6,3,1204.2
2221,2023-07-19,287,48,1,41.29
2222,2024-06-06,354,8,2,385.38
2223,2023-08-28,76,44,1,394.78
2224,2023-06-24,183,46,4,1702.48
2225,2024-10-16,291,50,1,15.67
2226,2023-03-17,318,38,1,280.39
2227,2024-09-15,46,14,4,625.64
2228,2024-08-27,416,23,1,287.11
2229,2024-12-31,194,20,3,591.66
2230,2023-01-09,70,18,5,909.2
2231,2024-03-15,410,41,1,400.9
2232,2023-06-07,52,10,3,102.81
2233,2024-05-28,487,21,1,123.2
2234,2024-05-29,232,23,1,287.11
2235,2024-06-09,135,37,2,875.06
2236,2024-10-24,284,44,5,1973.9
2237,2023-10-04,331,29,1,50.95
2238,2024-03-06,234,34,1,58.71
2239,2023-08-27,489,42,2,714.82
2240,2023-03-03,115,9,1,304.1
2241,2023-06-28,385,24,4,1275.12
2242,2023-01-22,430,40,1,346.19
2243,2024-07-29,64,38,1,280.39
2244,2023-01-08,57,9,1,304.1
2245,2024-08-30,226,39,4,401.36
2246,2024-05-17,38,12,1,293.43
2247,2024-05-12,7,13,2,998.3
2248,2023-05-06,188,3,4,535.48
2249,2024-04-01,234,21,1,123.2
2250,2024-12-18,133,27,3,423.9
2251,2023-12-22,223,32,4,1701.8
2252,2023-05-13,112,22,2,838.06
2253,2023-11-12,221,18,2,363.68
2254,2024-08-20,109,5,3,400.05
2255,2024-01-16,19,20,1,197.22
2256,2023-10-23,314,29,1,50.95
2257,2024-06-15,8,47,6,216.9
2258,2023-02-12,372,46,1,425.62
2259,2024-07-06,291,36,1,75.99
2260,2023-04-12,399,14,1,156.41
2261,2023-03-31,412,18,1,181.84
2262,2023-05-28,494,15,1,121.06
2263,2023-01-30,360,9,5,1520.5
2264,2023-06-24,141,1,5,1578.35
2265,2024-01-09,404,13,1,499.15
2266,2023-02-22,91,15,4,484.24
2267,2023-08-29,437,9,1,304.1
2268,2023-05-29,237,21,1,123.2
2269,2024-08-01,395,48,1,41.29
2270,2023-04-20,113,27,2,282.6
2271,2023-10-11,432,40,2,692.38
2272,2024-04-07,370,18,5,909.2
2273,2023-12-22,243,27,3,423.9
2274,2023-01-10,195,6,2,802.8
2275,2023-01-10,144,20,1,197.22
2276,2024-01-09,378,41,1,400.9
2277,2024-10-08,379,11,2,828.02
2278,2023-03-08,460,32,1,425.45
2279,2024-12-24,83,35,2,254.34
2280,2024-12-21,365,22,2,838.06
2281,2024-02-21,289,32,1,425.45
2282,2024-12-24,349,38,3,841.17
2283,2023-07-14,276,48,1,41.29
2284,2023-10-04,242,33,4,1285.04
2285,2023-07-19,487,36,1,75.99
2286,2024-01-01,60,3,1,133.87
2287,2024-03-06,412,28,1,55.08
2288,2024-08-14,2,7,2,307.2
2289,2023-08-11,155,24,1,318.78
2290,2024-01-27,261,32,1,425.45
2291,2023-11-07,79,10,2,68.54
2292,2024-06-21,21,37,2,875.06
2293,2024-08-23,471,19,1,346.89
2294,2024-10-10,355,30,1,51.57
2295,2024-03-13,146,8,1,192.69
2296,2024-07-11,176,49,2,959.4
2297,2023-06-22,89,40,8,2769.52
2298,2024-02-04,208,43,1,74.94
2299,2023-12-28,496,19,3,1040.67
2300,2024-01-11,9,47,1,36.15
2301,2024-09-07,235,14,1,156.41
2302,2024-02-22,331,15,1,121.06
2303,2023-11-05,253,31,2,258.12
2304,2023-02-10,8,31,5,645.3
2305,2024-09-01,255,27,3,423.9
2306,2024-10-21,412,31,2,258.12
2307,2024-08-23,160,5,1,133.35
2308,2024-07-04,138,35,3,381.51
2309,2024-03-17,484,20,1,197.22
2310,2024-03-31,182,4,5,40.9
2311,2023-06-08,134,7,2,307.2
2312,2023-10-14,199,32,1,425.45
2313,2023-11-09,484,38,3,841.17
2314,2024-05-19,468,37,1,437.53
2315,2024-01-11,364,17,1,312.67
2316,2024-12-03,466,46,7,2979.34
2317,2023-10-03,431,36,1,75.99
2318,2024-11-29,278,47,5,180.75
2319,2023-12-28,224,48,3,123.87
2320,2023-01-13,500,40,4,1384.76
2321,2023-01-10,438,34,1,58.71
2322,2024-05-05,459,45,1,405.31
2323,2024-11-05,119,1,4,1262.68
2324,2023-03-02,397,16,2,713.0
2325,2023-09-04,435,23,1,287.11
2326,2024-10-07,217,18,1,181.84
2327,2024-09-11,263,16,1,356.5
2328,2024-08-30,164,47,1,36.15
2329,2023-01-15,181,47,4,144.6
2330,2023-07-26,186,29,1,50.95
2331,2023-01-24,196,12,1,293.43
2332,2023-12-01,59,39,4,401.36
2333,2023-04-06,498,25,1,203.79
2334,2024-02-27,328,11,1,414.01
2335,2023-01-07,386,47,5,180.75
2336,2024-06-28,252,6,4,1605.6
2337,2023-12-03,381,38,2,560.78
2338,2024-02-18,261,40,1,346.19
2339,2024-03-13,49,31,1,129.06
2340,2023-02-24,211,27,1,141.3
2341,2024-02-04,289,43,1,74.94
2342,2024-08-08,91,28,1,55.08
2343,2023-01-01,445,1,1,315.67
2344,2023-09-17,245,42,1,357.41
2345,2023-04-26,282,23,1,287.11
2346,2024-10-27,98,25,5,1018.95
2347,2023-11-14,133,5,3,400.05
2348,2024-11-24,74,37,2,875.06
2349,2023-07-16,329,33,1,321.26
2350,2023-11-30,316,30,4,206.28
2351,2023-01-02,338,35,1,127.17
2352,2023-10-16,288,10,1,34.27
2353,2023-09-15,235,6,1,401.4
2354,2024-11-01,177,38,4,1121.56
2355,2023-03-13,82,49,1,479.7
2356,2023-02-21,80,34,4,234.84
2357,2023-07-14,234,41,5,2004.5
2358,2024-12-30,57,26,4,826.76
2359,2024-04-09,79,17,1,312.67
2360,2023-01-03,172,15,2,242.12
2361,2024-10-21,366,34,1,58.71
2362,2024-12-20,293,48,5,206.45
2363,2023-07-09,432,23,1,287.11
2364,2023-12-02,9,48,4,165.16
2365,2024-10-07,264,23,1,287.11
2366,2024-08-23,107,17,1,312.67
2367,2024-05-30,151,44,1,394.78
2368,2023-09-29,468,38,1,280.39
2369,2024-05-20,465,44,1,394.78
2370,2023-03-05,229,47,1,36.15
2371,2024-01-31,333,28,5,275.4
2372,2024-12-18,303,24,4,1275.12
2373,2024-10-07,229,7,1,153.6
2374,2024-05-12,162,22,1,419.03
2375,2023-03-02,263,3,1,133.87
2376,2023-11-20,457,8,4,770.76
2377,2023-12-06,66,21,3,369.6
2378,2023-10-26,458,29,1,50.95
2379,2023-11-06,173,9,4,1216.4
2380,2023-05-06,82,31,4,516.24
2381,2024-09-09,93,17,1,312.67
2382,2024-03-03,421,22,1,419.03
2383,2024-12-07,8,23,8,2296.88
2384,2023-01-25,379,31,1,129.06
2385,2024-03-19,160,41,1,400.9
2386,2023-09-22,471,42,1,357.41
2387,2023-06-10,149,46,5,2128.1
2388,2023-06-08,492,40,4,1384.76
2389,2023-04-05,31,20,1,197.22
2390,2024-07-11,437,32,2,850.9
2391,2024-10-25,56,28,1,55.08
2392,2023-10-18,140,1,1,315.67
2393,2023-08-30,116,33,4,1285.04
2394,2023-09-23,314,36,5,379.95
2395,2023-08-30,21,13,4,1996.6
2396,2023-02-11,387,49,1,479.7
2397,2024-03-27,344,14,1,156.41
2398,2023-06-10,392,39,8,802.72
2399,2023-11-26,314,46,3,1276.86
2400,2024-12-11,281,30,2,103.14
2401,2024-01-07,334,41,5,2004.5
2402,2024-12-16,301,27,4,565.2
2403,2023-02-09,86,41,1,400.9
2404,2024-08-23,208,10,1,34.27
2405,2024-04-26,430,12,4,1173.72
2406,2023-10-07,241,28,1,55.08
2407,2024-12-09,276,12,2,586.86
2408,2023-02-18,105,3,1,133.87
2409,2023-03-11,434,18,5,909.2
2410,2024-04-18,233,47,2,72.3
2411,2023-08-23,218,4,1,8.18
2412,2024-07-01,155,49,1,479.7
2413,2023-06-06,28,23,4,1148.44
2414,2024-12-11,10,36,3,227.97
2415,2024-01-13,19,22,4,1676.12
2416,2023-06-16,450,32,4,1701.8
2417,2023-11-25,187,39,6,602.04
2418,2023-12-07,251,15,4,484.24
2419,2023-02-09,419,50,2,31.34
2420,2023-07-21,496,45,1,405.31
2421,2023-09-07,365,7,2,307.2
2422,2024-11-17,337,46,4,1702.48
2423,2023-01-05,142,23,1,287.11
2424,2023-03-23,431,48,2,82.58
2425,2023-12-09,179,16,2,713.0
2426,2023-07-19,306,46,1,425.62
2427,2024-04-19,262,45,1,405.31
2428,2024-09-23,84,23,1,287.11
2429,2024-02-09,5,28,4,220.32
2430,2024-12-08,259,30,2,103.14
2431,2024-01-23,241,46,4,1702.48
2432,2023-04-12,284,45,1,405.31
2433,2023-11-15,67,42,5,1787.05
2434,2023-09-17,452,39,1,100.34
2435,2024-04-05,89,14,1,156.41
2436,2024-06-17,182,24,5,1593.9
2437,2024-03-04,84,31,5,645.3
2438,2023-09-15,238,4,2,16.36
2439,2024-03-13,190,5,1,133.35
2440,2023-09-22,44,13,3,1497.45
2441,2023-05-08,146,2,1,225.34
2442,2023-11-11,374,9,4,1216.4
2443,2024-05-14,366,32,1,425.45
2444,2023-07-27,390,33,1,321.26
2445,2024-12-14,413,9,6,1824.6
2446,2024-09-06,3,22,1,419.03
2447,2024-05-13,453,24,1,318.78
2448,2023-12-06,200,50,4,62.68
2449,2023-07-13,265,2,1,225.34
2450,2023-05-10,368,21,2,246.4
2451,2023-07-25,99,34,1,58.71
2452,2024-06-03,314,32,2,850.9
2453,2023-09-02,169,18,1,181.84
2454,2023-03-25,55,2,1,225.34
2455,2023-04-15,281,2,1,225.34
2456,2023-07-23,363,41,1,400.9
2457,2023-12-25,172,10,3,102.81
2458,2023-01-02,296,33,1,321.26
2459,2024-08-10,357,25,1,203.79
2460,2023-08-06,329,10,1,34.27
2461,2024-04-04,86,12,1,293.43
2462,2024-02-10,2,17,1,312.67
2463,2023-07-22,233,6,1,401.4
2464,2023-08-27,17,11,1,414.01
2465,2023-03-21,71,2,1,225.34
2466,2024-11-15,375,44,6,2368.68
2467,2023-10-18,279,26,1,206.69
2468,2023-02-13,282,47,1,36.15
2469,2024-08-10,266,18,1,181.84
2470,2024-09-11,88,10,1,34.27
2471,2023-12-12,379,38,2,560.78
2472,2024-08-24,262,3,5,669.35
2473,2023-02-07,53,11,2,828.02
2474,2024-03-15,250,43,1,74.94
2475,2024-11-21,256,3,3,401.61
2476,2024-05-25,231,22,1,419.03
2477,2024-01-22,79,30,1,51.57
2478,2024-08-28,437,10,1,34.27
2479,2023-02-21,469,17,1,312.67
2480,2024-02-01,383,22,1,419.03
2481,2023-08-27,343,13,1,499.15
2482,2024-11-19,103,15,3,363.18
2483,2023-05-20,50,3,1,133.87
2484,2024-02-04,212,8,1,192.69
2485,2024-06-27,224,42,4,1429.64
2486,2023-09-26,456,35,1,127.17
2487,2024-06-08,394,22,8,3352.24
2488,2024-07-09,273,31,1,129.06
2489,2023-07-11,283,25,1,203.79
2490,2023-03-07,423,49,1,479.7
2491,2024-10-30,480,8,3,578.07
2492,2023-03-06,435,5,1,133.35
2493,2023-08-24,367,22,1,419.03
2494,2024-08-13,68,27,1,141.3
2495,2023-10-24,293,32,1,425.45
2496,2024-07-29,389,20,1,197.22
2497,2024-05-19,162,24,1,318.78
2498,2024-01-19,361,40,1,346.19
2499,2024-04-27,458,28,1,55.08
2500,2023-01-05,24,23,1,287.11
2501,2024-12-24,46,50,7,109.69
2502,2024-11-23,63,12,4,1173.72
2503,2023-05-09,169,6,1,401.4
2504,2024-07-15,294,31,1,129.06
2505,2024-06-20,28,5,3,400.05
2506,2024-05-07,336,5,1,133.35
2507,2024-11-24,248,23,2,574.22
2508,2023-04-28,228,37,1,437.53
2509,2024-06-24,455,48,3,123.87
2510,2023-08-28,389,13,5,2495.75
2511,2024-06-21,58,9,3,912.3
2512,2024-01-07,261,41,1,400.9
2513,2023-05-04,344,30,1,51.57
2514,2024-02-28,203,48,2,82.58
2515,2024-01-21,52,19,2,693.78
2516,2024-12-04,249,21,3,369.6
2517,2023-06-27,66,45,4,1621.24
2518,2023-10-05,128,20,5,986.1
2519,2023-01-12,393,32,1,425.45
2520,2024-10-28,216,8,1,192.69
2521,2024-05-09,206,39,4,401.36
2522,2023-03-11,257,3,2,267.74
2523,2024-08-10,395,25,1,203.79
2524,2023-04-21,351,32,1,425.45
2525,2024-07-12,33,28,1,55.08
2526,2024-01-30,197,50,5,78.35
2527,2023-12-05,467,26,2,413.38
2528,2023-02-20,33,37,4,1750.12
2529,2024-07-04,307,23,2,574.22
2530,2024-09-15,307,4,1,8.18
2531,2024-02-08,74,29,1,50.95
2532,2024-09-07,430,28,3,165.24
2533,2024-09-16,128,42,1,357.41
2534,2024-09-17,95,25,1,203.79
2535,2023-12-09,20,23,3,861.33
2536,2023-01-08,14,40,1,346.19
2537,2023-04-09,256,18,1,181.84
2538,2024-06-28,78,16,2,713.0
2539,2023-11-11,338,4,4,32.72
2540,2024-10-17,318,48,1,41.29
2541,2024-11-12,61,40,2,692.38
2542,2024-06-26,243,10,5,171.35
2543,2024-11-03,352,34,2,117.42
2544,2024-01-02,443,47,2,72.3
2545,2023-02-17,154,37,1,437.53
2546,2023-05-30,422,26,1,206.69
2547,2023-05-22,365,28,1,55.08
2548,2024-05-17,233,21,1,123.2
2549,2024-07-12,292,39,1,100.34
2550,2023-08-06,96,28,2,110.16
2551,2023-04-16,182,20,5,986.1
2552,2024-06-19,122,20,2,394.44
2553,2024-08-28,284,28,1,55.08
2554,2024-01-24,422,30,1,51.57
2555,2024-02-07,437,23,1,287.11
2556,2023-05-05,249,31,1,129.06
2557,2023-06-08,4,1,4,1262.68
2558,2023-07-03,476,5,1,133.35
2559,2024-04-02,257,49,4,1918.8
2560,2023-10-29,57,50,1,15.67
2561,2023-08-14,429,13,1,499.15
2562,2024-07-01,488,9,2,608.2
2563,2023-12-30,476,14,4,625.64
2564,2023-09-24,362,13,5,2495.75
2565,2023-07-27,408,15,3,363.18
2566,2023-03-04,86,11,1,414.01
2567,2023-08-20,326,36,1,75.99
2568,2024-04-10,341,39,1,100.34
2569,2023-02-08,264,40,4,1384.76
2570,2024-01-08,93,43,2,149.88
2571,2023-01-11,322,29,3,152.85
2572,2023-07-16,55,35,1,127.17
2573,2024-04-19,487,23,1,287.11
2574,2024-07-29,69,36,1,75.99
2575,2023-03-02,467,20,4,788.88
2576,2023-11-11,323,26,2,413.38
2577,2023-05-15,455,14,1,156.41
2578,2024-12-24,185,21,3,369.6
2579,2023-06-03,308,11,4,1656.04
2580,2024-01-01,338,19,4,1387.56
2581,2023-12-02,464,8,2,385.38
2582,2024-01-01,79,32,1,425.45
2583,2024-07-30,42,14,1,156.41
2584,2024-09-26,76,35,1,127.17
2585,2024-12-26,382,3,3,401.61
2586,2024-10-05,70,7,1,153.6
2587,2024-11-01,2,15,7,847.42
2588,2024-11-21,268,25,5,1018.95
2589,2023-10-02,245,1,3,947.01
2590,2024-12-06,375,23,4,1148.44
2591,2024-11-18,204,8,3,578.07
2592,2024-07-12,472,42,1,357.41
2593,2024-11-03,253,11,7,2898.07
2594,2024-05-11,137,43,1,74.94
2595,2024-04-04,67,11,5,2070.05
2596,2023-06-27,414,7,3,460.8
2597,2024-05-01,359,5,1,133.35
2598,2023-02-14,137,12,1,293.43
2599,2024-06-05,193,38,6,1682.34
2600,2024-03-31,402,16,1,356.5
2601,2023-09-27,373,49,1,479.7
2602,2024-10-16,274,5,3,400.05
2603,2024-03-05,408,42,4,1429.64
2604,2023-03-15,300,43,2,149.88
2605,2024-07-25,339,40,1,346.19
2606,2024-10-01,214,20,5,986.1
2607,2024-11-15,63,44,4,1579.12
2608,2024-10-09,84,43,1,74.94
2609,2023-09-10,26,11,1,414.01
2610,2023-09-14,345,17,2,625.34
2611,2023-01-20,147,23,1,287.11
2612,2024-09-11,326,1,1,315.67
2613,2023-12-13,332,22,2,838.06
2614,2024-05-11,203,27,4,565.2
2615,2023-01-07,152,26,1,206.69
2616,2024-09-09,262,21,1,123.2
2617,2023-08-20,467,2,1,225.34
2618,2023-12-10,22,48,2,82.58
2619,2023-04-29,179,48,1,41.29
2620,2024-03-21,203,14,1,156.41
2621,2023-10-31,476,33,1,321.26
2622,2024-08-20,173,26,1,206.69
2623,2023-10-20,15,17,1,312.67
2624,2024-02-14,352,1,1,315.67
2625,2023-08-04,488,41,4,1603.6
2626,2024-08-14,223,12,5,1467.15
2627,2024-02-21,472,9,1,304.1
2628,2024-05-25,47,28,1,55.08
2629,2024-09-06,231,30,1,51.57
2630,2024-08-07,305,20,1,197.22
2631,2023-11-04,84,38,3,841.17
2632,2023-12-28,190,25,2,407.58
2633,2024-02-19,279,34,1,58.71
2634,2024-07-21,398,26,3,620.07
2635,2023-07-16,193,10,1,34.27
2636,2023-08-03,439,43,1,74.94
2637,2024-08-13,398,34,4,234.84
2638,2023-05-03,307,50,1,15.67
2639,2024-09-27,262,47,1,36.15
2640,2024-09-23,483,14,1,156.41
2641,2024-07-05,478,31,2,258.12
2642,2024-03-08,33,10,1,34.27
2643,2024-01-01,194,35,1,127.17
2644,2024-11-07,92,2,4,901.36
2645,2024-03-15,102,16,1,356.5
2646,2023-01-27,464,25,1,203.79
2647,2023-01-22,420,23,1,287.11
2648,2023-03-13,337,31,1,129.06
2649,2023-10-21,109,49,5,2398.5
2650,2023-01-10,146,31,1,129.06
2651,2023-01-03,10,30,1,51.57
2652,2023-11-09,332,14,2,312.82
2653,2023-06-29,433,9,2,608.2
2654,2023-12-03,195,36,5,379.95
2655,2024-03-19,465,19,1,346.89
2656,2024-09-14,358,23,1,287.11
2657,2024-06-12,160,49,2,959.4
2658,2024-09-28,177,17,1,312.67
2659,2023-05-29,118,11,3,1242.03
2660,2023-10-17,16,14,1,156.41
2661,2024-09-27,431,35,1,127.17
2662,2024-12-03,24,14,4,625.64
2663,2024-04-23,91,32,1,425.45
2664,2024-07-14,123,36,1,75.99
2665,2023-02-13,107,14,3,469.23
2666,2024-02-15,238,48,1,41.29
2667,2023-11-25,464,16,5,1782.5
2668,2023-06-14,266,21,3,369.6
2669,2023-01-08,84,35,4,508.68
2670,2024-04-27,284,16,1,356.5
2671,2023-09-01,464,10,1,34.27
2672,2023-04-16,189,3,1,133.87
2673,2023-10-04,81,37,1,437.53
2674,2024-05-29,396,50,1,15.67
2675,2024-11-26,280,4,2,16.36
2676,2024-02-19,321,29,1,50.95
2677,2024-07-09,245,38,1,280.39
2678,2024-10-14,389,16,1,356.5
2679,2024-05-06,247,6,2,802.8
2680,2024-05-02,192,27,1,141.3
2681,2024-08-03,69,10,3,102.81
2682,2023-03-26,452,36,1,75.99
2683,2023-01-06,63,5,3,400.05
2684,2023-10-22,140,34,1,58.71
2685,2024-05-01,9,45,1,405.31
2686,2023-07-06,67,17,1,312.67
2687,2024-07-17,147,8,1,192.69
2688,2024-12-02,100,2,3,676.02
2689,2023-10-09,12,7,1,153.6
2690,2023-01-06,459,47,1,36.15
2691,2023-11-15,146,37,6,2625.18
2692,2024-08-25,290,6,1,401.4
2693,2023-05-28,361,14,1,156.41
2694,2023-10-26,387,2,3,676.02
2695,2023-10-07,250,26,1,206.69
2696,2024-11-13,450,16,3,1069.5
2697,2023-06-06,170,23,4,1148.44
2698,2024-06-24,430,18,8,1454.72
2699,2023-02-22,121,9,1,304.1
2700,2023-10-13,362,33,1,321.26
2701,2023-08-21,397,35,1,127.17
2702,2023-10-24,433,45,5,2026.55
2703,2023-10-18,373,29,1,50.95
2704,2024-07-04,76,50,2,31.34
2705,2024-08-29,393,10,1,34.27
2706,2023-07-11,184,48,1,41.29
2707,2023-02-06,7,3,1,133.87
2708,2024-08-11,98,14,1,156.41
2709,2024-11-16,113,14,2,312.82
2710,2024-05-07,191,29,1,50.95
2711,2023-04-07,138,48,1,41.29
2712,2023-08-25,163,30,1,51.57
2713,2023-11-24,340,21,4,492.8
2714,2024-07-31,305,36,1,75.99
2715,2024-12-05,409,34,2,117.42
2716,2023-06-19,317,21,3,369.6
2717,2024-10-02,360,6,1,401.4
2718,2024-02-25,42,46,5,2128.1
2719,2023-10-27,363,44,1,394.78
2720,2023-11-07,376,8,5,963.45
2721,2023-01-29,83,47,1,36.15
2722,2024-10-24,215,18,1,181.84
2723,2024-11-30,453,34,4,234.84
2724,2023-10-11,119,46,2,851.24
2725,2023-10-01,294,10,1,34.27
2726,2023-06-06,317,17,3,938.01
2727,2023-10-13,254,34,1,58.71
2728,2023-11-10,465,12,4,1173.72
2729,2023-02-08,333,39,4,401.36
2730,2023-08-28,307,8,2,385.38
2731,2024-10-28,26,9,1,304.1
2732,2024-12-27,297,21,2,246.4
2733,2024-06-08,125,5,3,400.05
2734,2024-01-12,3,15,4,484.24
2735,2023-09-06,270,8,1,192.69
2736,2023-06-02,120,4,7,57.26
2737,2023-02-21,260,48,1,41.29
2738,2023-06-14,212,6,2,802.8
2739,2024-08-16,207,40,1,346.19
2740,2023-06-01,49,20,8,1577.76
2741,2023-11-04,315,12,4,1173.72
2742,2024-11-05,358,30,2,103.14
2743,2023-12-13,276,4,5,40.9
2744,2023-12-12,236,1,4,1262.68
2745,2024-04-30,251,13,1,499.15
2746,2023-01-16,389,28,1,55.08
2747,2024-05-27,6,3,4,535.48
2748,2023-08-07,238,11,1,414.01
2749,2023-07-19,482,16,5,1782.5
2750,2024-09-25,435,11,3,1242.03
2751,2023-08-27,67,5,1,133.35
2752,2024-12-22,74,50,7,109.69
2753,2024-11-29,319,2,2,450.68
2754,2023-01-11,490,47,4,144.6
2755,2023-09-05,155,24,4,1275.12
2756,2023-03-18,224,1,1,315.67
2757,2024-07-18,215,16,1,356.5
2758,2023-04-15,14,50,1,15.67
2759,2024-03-05,454,6,1,401.4
2760,2023-11-02,76,3,3,401.61
2761,2023-07-29,10,25,1,203.79
2762,2024-06-10,94,47,3,108.45
2763,2024-11-05,79,49,3,1439.1
2764,2023-10-23,57,49,4,1918.8
2765,2024-02-17,454,4,1,8.18
2766,2024-12-13,431,20,3,591.66
2767,2023-08-19,490,2,1,225.34
2768,2024-06-21,373,46,4,1702.48
2769,2024-02-01,381,28,3,165.24
2770,2023-08-20,90,27,3,423.9
2771,2023-01-09,435,47,1,36.15
2772,2024-09-11,488,25,1,203.79
2773,2023-11-14,311,36,5,379.95
2774,2023-09-03,292,6,1,401.4
2775,2023-12-23,147,30,3,154.71
2776,2024-01-07,484,38,2,560.78
2777,2023-02-28,130,29,2,101.9
2778,2023-01-13,176,14,1,156.41
2779,2024-09-13,129,43,1,74.94
2780,2023-05-26,59,15,1,121.06
2781,2023-03-24,378,42,1,357.41
2782,2023-05-03,354,35,1,127.17
2783,2024-05-29,116,38,1,280.39
2784,2024-12-25,500,32,2,850.9
2785,2023-11-08,226,13,2,998.3
2786,2024-03-11,315,29,5,254.75
2787,2024-08-31,124,25,1,203.79
2788,2023-06-22,90,41,2,801.8
2789,2023-03-21,377,48,1,41.29
2790,2024-01-17,466,22,1,419.03
2791,2024-01-21,317,1,1,315.67
2792,2024-12-04,342,18,5,909.2
2793,2023-08-26,206,11,1,414.01
2794,2023-08-02,341,34,3,176.13
2795,2023-05-27,447,17,1,312.67
2796,2023-02-10,300,25,3,611.37
2797,2023-01-10,121,9,1,304.1
2798,2024-12-06,367,47,4,144.6
2799,2024-09-07,309,36,3,227.97
2800,2024-05-28,245,12,1,293.43
2801,2023-02-23,192,35,1,127.17
2802,2023-12-21,186,32,6,2552.7
2803,2024-05-17,299,12,1,293.43
2804,2023-05-29,489,37,4,1750.12
2805,2024-02-20,40,6,4,1605.6
2806,2024-04-28,233,16,1,356.5
2807,2024-06-14,157,35,4,508.68
2808,2023-11-16,259,1,2,631.34
2809,2023-02-25,93,11,2,828.02
2810,2024-12-31,455,20,4,788.88
2811,2024-10-16,82,8,1,192.69
2812,2024-09-12,88,12,1,293.43
2813,2023-06-12,63,1,3,947.01
2814,2023-10-19,361,47,4,144.6
2815,2024-08-06,37,49,1,479.7
2816,2023-10-16,99,9,1,304.1
2817,2024-02-17,150,12,1,293.43
2818,2023-09-28,257,23,1,287.11
2819,2024-04-07,237,18,1,181.84
2820,2024-06-24,14,19,2,693.78
2821,2023-10-21,442,9,2,608.2
2822,2023-10-24,253,41,1,400.9
2823,2023-02-10,185,26,1,206.69
2824,2024-09-07,128,29,1,50.95
2825,2023-02-15,104,37,1,437.53
2826,2024-01-08,344,3,5,669.35
2827,2024-01-26,111,24,1,318.78
2828,2024-08-23,381,30,1,51.57
2829,2024-06-30,253,37,4,1750.12
2830,2024-11-10,40,14,4,625.64
2831,2024-04-05,62,5,1,133.35
2832,2023-09-23,86,17,1,312.67
2833,2023-10-02,332,18,1,181.84
2834,2024-02-14,357,6,1,401.4
2835,2024-02-18,346,17,2,625.34
2836,2024-07-15,498,7,1,153.6
2837,2023-01-26,7,42,1,357.41
2838,2024-08-07,85,11,1,414.01
2839,2023-06-05,6,29,2,101.9
2840,2024-06-08,294,3,7,937.09
2841,2023-07-25,388,38,2,560.78
2842,2024-02-14,425,27,4,565.2
2843,2023-06-27,428,10,2,68.54
2844,2024-07-11,141,20,1,197.22
2845,2024-05-30,297,35,1,127.17
2846,2024-03-04,473,35,1,127.17
2847,2024-03-15,200,32,1,425.45
2848,2023-07-19,237,42,3,1072.23
2849,2024-02-22,394,1,3,947.01
2850,2023-04-24,228,30,1,51.57
2851,2024-02-16,181,25,1,203.79
2852,2023-12-06,96,6,3,1204.2
2853,2023-04-23,16,25,3,611.37
2854,2023-08-16,489,20,1,197.22
2855,2024-09-26,302,34,1,58.71
2856,2023-01-13,456,3,1,133.87
2857,2023-10-21,1,4,4,32.72
2858,2023-05-19,310,1,4,1262.68
2859,2024-07-26,382,26,5,1033.45
2860,2024-05-20,497,19,1,346.89
2861,2024-01-23,154,27,1,141.3
2862,2023-08-27,334,33,5,1606.3
2863,2023-05-12,364,37,3,1312.59
2864,2023-09-02,127,43,1,74.94
2865,2023-07-01,361,33,4,1285.04
2866,2024-07-22,146,19,5,1734.45
2867,2023-12-13,244,38,5,1401.95
2868,2024-11-22,204,21,5,616.0
2869,2024-10-10,102,39,1,100.34
2870,2023-10-17,453,18,2,363.68
2871,2023-09-12,202,37,1,437.53
2872,2024-08-02,466,47,1,36.15
2873,2023-11-05,256,34,8,469.68
2874,2024-06-14,408,10,6,205.62
2875,2024-12-20,316,35,2,254.34
2876,2023-08-14,118,27,1,141.3
2877,2024-05-23,4,1,1,315.67
2878,2023-04-07,455,35,3,381.51
2879,2023-02-22,47,32,1,425.45
2880,2023-11-08,44,23,3,861.33
2881,2023-12-14,387,18,4,727.36
2882,2024-01-06,268,32,4,1701.8
2883,2023-04-13,475,39,1,100.34
2884,2023-07-02,326,16,1,356.5
2885,2024-02-03,223,47,1,36.15
2886,2023-01-25,217,35,1,127.17
2887,2024-11-18,135,24,3,956.34
2888,2023-12-10,440,22,3,1257.09
2889,2024-08-05,124,14,1,156.41
2890,2024-07-17,30,50,5,78.35
2891,2023-05-11,324,25,1,203.79
2892,2023-05-16,19,45,1,405.31
2893,2024-05-07,43,33,2,642.52
2894,2023-08-08,55,3,1,133.87
2895,2023-03-08,424,27,1,141.3
2896,2023-02-18,411,50,1,15.67
2897,2023-02-01,298,12,1,293.43
2898,2024-09-04,29,2,2,450.68
2899,2024-02-04,75,31,1,129.06
2900,2024-10-05,158,26,1,206.69
2901,2023-08-09,77,25,1,203.79
2902,2023-08-10,494,2,4,901.36
2903,2024-08-20,15,35,4,508.68
2904,2023-12-04,126,35,7,890.19
2905,2024-01-07,496,27,1,141.3
2906,2024-02-13,461,23,1,287.11
2907,2023-09-15,102,23,4,1148.44
2908,2023-03-08,466,10,5,171.35
2909,2024-02-10,442,18,1,181.84
2910,2023-06-02,46,27,2,282.6
2911,2024-06-07,175,47,4,144.6
2912,2024-01-07,312,6,1,401.4
2913,2023-10-20,99,17,2,625.34
2914,2023-04-24,295,13,1,499.15
2915,2023-09-05,392,23,1,287.11
2916,2024-06-24,285,32,3,1276.35
2917,2024-01-27,314,36,1,75.99
2918,2023-03-14,98,29,1,50.95
2919,2024-07-04,499,39,1,100.34
2920,2023-09-03,330,35,1,127.17
2921,2024-11-05,292,38,4,1121.56
2922,2023-06-17,33,6,4,1605.6
2923,2023-10-05,312,14,1,156.41
2924,2024-05-27,176,14,1,156.41
2925,2024-03-28,357,1,1,315.67
2926,2024-07-12,348,35,1,127.17
2927,2024-05-04,284,34,3,176.13
2928,2023-12-30,374,23,2,574.22
2929,2023-03-31,406,42,3,1072.23
2930,2023-03-20,124,34,1,58.71
2931,2023-02-24,43,16,1,356.5
2932,2024-04-21,115,11,1,414.01
2933,2023-12-02,374,18,5,909.2
2934,2024-09-28,10,46,5,2128.1
2935,2024-08-30,446,10,1,34.27
2936,2024-02-29,228,7,1,153.6
2937,2024-01-01,77,19,1,346.89
2938,2023-05-15,74,47,1,36.15
2939,2023-06-24,131,44,4,1579.12
2940,2023-01-23,116,12,1,293.43
2941,2023-09-26,474,22,1,419.03
2942,2023-08-13,384,39,1,100.34
2943,2023-06-25,106,32,4,1701.8
2944,2023-11-23,273,32,2,850.9
2945,2024-12-05,491,13,4,1996.6
2946,2024-05-08,182,31,1,129.06
2947,2024-11-13,334,15,2,242.12
2948,2023-02-08,239,37,1,437.53
2949,2024-12-28,336,17,3,938.01
2950,2023-02-20,183,40,1,346.19
2951,2023-10-20,219,46,1,425.62
2952,2024-12-27,99,28,3,165.24
2953,2023-03-02,148,44,1,394.78
2954,2024-02-27,164,41,4,1603.6
2955,2024-03-28,378,12,3,880.29
2956,2024-10-26,5,20,4,788.88
2957,2024-11-14,353,5,3,400.05
2958,2024-10-02,467,20,5,986.1
2959,2024-08-31,112,49,1,479.7
2960,2024-07-02,455,27,1,141.3
2961,2024-08-03,456,20,5,986.1
2962,2024-09-22,268,47,1,36.15
2963,2023-03-21,129,40,5,1730.95
2964,2023-02-17,312,11,1,414.01
2965,2024-01-27,395,26,1,206.69
2966,2023-01-06,398,7,1,153.6
2967,2023-04-13,481,33,1,321.26
2968,2023-04-22,91,11,1,414.01
2969,2023-01-18,461,49,5,2398.5
2970,2023-09-03,333,24,4,1275.12
2971,2024-06-03,45,32,4,1701.8
2972,2024-09-26,403,48,5,206.45
2973,2023-01-23,319,8,1,192.69
2974,2024-07-19,151,10,1,34.27
2975,2024-10-01,389,46,2,851.24
2976,2024-12-20,171,16,3,1069.5
2977,2024-07-13,329,5,3,400.05
2978,2024-03-06,30,39,4,401.36
2979,2024-06-11,19,43,3,224.82
2980,2024-04-09,300,34,3,176.13
2981,2024-06-23,168,10,4,137.08
2982,2023-07-04,73,32,1,425.45
2983,2023-01-30,295,50,1,15.67
2984,2024-05-14,195,13,1,499.15
2985,2024-04-30,296,44,5,1973.9
2986,2024-06-15,6,10,4,137.08
2987,2023-02-04,210,21,1,123.2
2988,2024-10-31,31,31,1,129.06
2989,2024-10-30,158,10,1,34.27
2990,2023-06-03,434,16,4,1426.0
2991,2023-10-24,204,11,1,414.01
2992,2024-09-12,236,36,1,75.99
2993,2024-11-14,343,32,2,850.9
2994,2024-01-28,60,20,1,197.22
2995,2024-03-03,146,47,1,36.15
2996,2023-03-21,214,42,1,357.41
2997,2024-09-12,186,20,1,197.22
2998,2024-09-01,130,27,1,141.3
2999,2024-03-18,102,44,1,394.78
3000,2024-04-08,338,34,1,58.71
3001,2024-07-28,74,14,1,156.41
3002,2023-06-26,32,20,6,1183.32
3003,2023-12-30,294,1,4,1262.68
3004,2024-04-07,163,27,1,141.3
3005,2023-10-16,144,28,1,55.08
3006,2023-06-07,109,15,4,484.24
3007,2024-12-06,459,13,5,2495.75
3008,2023-10-08,258,34,2,117.42
3009,2024-04-11,389,22,5,2095.15
3010,2023-04-16,421,30,5,257.85
3011,2023-01-09,2,20,1,197.22
3012,2023-09-17,211,39,1,100.34
3013,2023-08-02,354,17,1,312.67
3014,2024-12-19,324,28,3,165.24
3015,2023-06-17,116,4,3,24.54
3016,2024-07-21,279,7,1,153.6
3017,2024-10-03,234,37,2,875.06
3018,2023-12-20,387,42,3,1072.23
3019,2023-01-25,27,7,2,307.2
3020,2023-06-15,50,34,4,234.84
3021,2024-04-25,406,16,1,356.5
3022,2023-08-05,82,20,1,197.22
3023,2024-04-28,482,8,1,192.69
3024,2023-03-30,65,45,1,405.31
3025,2024-09-12,346,45,1,405.31
3026,2023-12-19,219,40,4,1384.76
3027,2024-10-03,416,36,5,379.95
3028,2023-06-19,239,6,3,1204.2
3029,2024-12-30,461,30,2,103.14
3030,2023-04-18,25,9,3,912.3
3031,2024-08-18,261,40,1,346.19
3032,2023-12-21,459,17,3,938.01
3033,2023-10-21,353,40,1,346.19
3034,2024-10-17,365,34,4,234.84
3035,2024-12-17,179,37,4,1750.12
3036,2023-08-10,13,6,1,401.4
3037,2024-12-22,51,6,4,1605.6
3038,2024-05-03,134,28,1,55.08
3039,2023-01-28,340,14,4,625.64
3040,2024-07-29,5,21,1,123.2
3041,2024-10-04,458,48,1,41.29
3042,2024-03-17,136,6,1,401.4
3043,2024-08-05,104,3,2,267.74
3044,2023-01-26,221,39,4,401.36
3045,2023-06-12,472,6,3,1204.2
3046,2023-08-10,33,38,1,280.39
3047,2024-11-06,202,38,2,560.78
3048,2024-01-26,401,38,1,280.39
3049,2023-05-30,146,16,1,356.5
3050,2024-02-26,178,3,1,133.87
3051,2024-09-14,226,32,1,425.45
3052,2024-11-16,448,5,4,533.4
3053,2024-01-10,82,9,1,304.1
3054,2023-03-13,186,15,1,121.06
3055,2024-11-03,218,40,2,692.38
3056,2023-03-13,195,22,3,1257.09
3057,2023-05-23,259,20,4,788.88
3058,2023-05-17,213,17,1,312.67
3059,2024-12-02,123,22,2,838.06
3060,2023-10-12,55,50,1,15.67
3061,2023-11-29,87,33,3,963.78
3062,2023-07-10,70,32,1,425.45
3063,2023-01-25,203,28,1,55.08
3064,2024-03-22,334,37,5,2187.65
3065,2024-02-16,143,4,5,40.9
3066,2023-02-07,13,31,2,258.12
3067,2023-12-30,477,37,3,1312.59
3068,2024-12-16,198,47,3,108.45
3069,2024-07-15,401,16,1,356.5
3070,2024-09-30,185,14,1,156.41
3071,2024-02-06,252,37,1,437.53
3072,2024-10-16,77,34,1,58.71
3073,2023-02-02,484,4,1,8.18
3074,2024-08-29,378,8,5,963.45
3075,2024-06-22,204,40,3,1038.57
3076,2023-03-07,181,40,1,346.19
3077,2023-01-30,373,32,1,425.45
3078,2023-05-17,444,10,1,34.27
3079,2024-04-17,63,10,1,34.27
3080,2024-04-11,365,40,5,1730.95
3081,2023-10-19,155,50,5,78.35
3082,2024-09-04,4,21,1,123.2
3083,2023-04-01,254,26,5,1033.45
3084,2024-12-24,428,29,3,152.85
3085,2024-07-02,132,13,2,998.3
3086,2023-02-10,225,25,1,203.79
3087,2023-09-19,46,30,4,206.28
3088,2024-06-21,94,43,3,224.82
3089,2023-01-15,328,48,3,123.87
3090,2024-01-29,349,14,4,625.64
3091,2023-09-03,83,42,3,1072.23
3092,2023-04-30,226,35,2,254.34
3093,2024-10-12,196,13,1,499.15
3094,2023-05-17,408,35,3,381.51
3095,2023-05-01,203,8,3,578.07
3096,2023-11-07,34,17,6,1876.02
3097,2023-05-28,11,47,4,144.6
3098,2023-01-03,92,49,1,479.7
3099,2023-04-08,463,1,1,315.67
3100,2024-09-27,460,44,1,394.78
3101,2023-04-23,106,4,1,8.18
3102,2024-09-02,221,24,4,1275.12
3103,2023-12-06,195,24,3,956.34
3104,2023-08-11,132,43,1,74.94
3105,2023-10-25,107,35,4,508.68
3106,2023-09-03,244,22,1,419.03
3107,2024-05-04,319,14,1,156.41
3108,2024-05-26,293,3,4,535.48
3109,2024-12-21,389,4,6,49.08
3110,2024-12-20,20,21,7,862.4
3111,2023-06-06,323,33,2,642.52
3112,2024-11-20,222,43,4,299.76
3113,2023-12-10,330,20,2,394.44
3114,2024-07-21,308,39,1,100.34
3115,2024-05-06,489,35,5,635.85
3116,2023-08-20,424,49,3,1439.1
3117,2024-03-18,90,10,3,102.81
3118,2024-01-22,218,1,1,315.67
3119,2023-09-30,19,43,1,74.94
3120,2024-07-14,150,19,1,346.89
3121,2023-09-04,286,9,1,304.1
3122,2024-12-03,230,11,6,2484.06
3123,2023-02-12,499,12,1,293.43
3124,2023-12-07,184,43,4,299.76
3125,2024-04-17,63,29,2,101.9
3126,2024-06-11,134,37,7,3062.71
3127,2024-02-28,228,7,1,153.6
3128,2023-08-31,42,11,1,414.01
3129,2023-09-26,260,31,1,129.06
3130,2024-11-12,494,40,3,1038.57
3131,2023-12-07,226,28,2,110.16
3132,2024-01-26,459,7,1,153.6
3133,2023-04-29,467,20,1,197.22
3134,2024-05-18,117,40,1,346.19
3135,2024-04-30,410,44,3,1184.34
3136,2024-01-04,50,1,1,315.67
3137,2023-02-01,298,10,5,171.35
3138,2023-12-08,234,43,2,149.88
3139,2023-09-10,479,18,1,181.84
3140,2023-07-06,467,47,4,144.6
3141,2024-05-24,454,35,1,127.17
3142,2023-05-13,23,47,1,36.15
3143,2024-11-14,41,43,2,149.88
3144,2023-02-12,324,9,1,304.1
3145,2024-12-28,125,2,3,676.02
3146,2024-03-29,301,5,3,400.05
3147,2024-04-04,75,37,3,1312.59
3148,2024-09-15,2,5,1,133.35
3149,2023-02-17,368,15,4,484.24
3150,2023-12-25,330,6,4,1605.6
3151,2024-07-04,199,3,2,267.74
3152,2023-02-04,313,12,2,586.86
3153,2023-06-28,196,2,3,676.02
3154,2024-08-03,384,15,1,121.06
3155,2024-03-07,138,38,2,560.78
3156,2024-12-02,271,29,2,101.9
3157,2024-01-01,3,11,4,1656.04
3158,2024-06-23,294,14,2,312.82
3159,2024-09-05,31,14,1,156.41
3160,2024-09-04,490,10,1,34.27
3161,2024-12-01,340,30,4,206.28
3162,2024-01-19,89,21,1,123.2
3163,2023-05-11,374,18,1,181.84
3164,2023-12-04,53,36,6,455.94
3165,2024-02-06,378,11,2,828.02
3166,2024-07-27,73,12,3,880.29
3167,2024-01-27,414,15,1,121.06
3168,2023-08-04,418,23,1,287.11
3169,2024-03-07,51,6,1,401.4
3170,2024-12-08,295,30,6,309.42
3171,2023-01-05,85,15,1,121.06
3172,2023-01-05,293,13,5,2495.75
3173,2024-09-28,238,37,1,437.53
3174,2023-08-02,113,32,1,425.45
3175,2024-06-07,37,38,7,1962.73
3176,2024-03-07,238,33,2,642.52
3177,2024-10-11,408,43,4,299.76
3178,2023-10-05,75,19,1,346.89
3179,2023-09-04,128,1,1,315.67
3180,2024-12-23,490,48,3,123.87
3181,2023-02-03,383,19,1,346.89
3182,2024-10-08,210,50,1,15.67
3183,2024-02-03,398,8,1,192.69
3184,2024-11-28,304,25,6,1222.74
3185,2024-01-18,460,13,1,499.15
3186,2023-03-26,465,43,1,74.94
3187,2023-04-22,21,32,3,1276.35
3188,2024-12-28,307,19,8,2775.12
3189,2023-01-06,26,18,5,909.2
3190,2023-05-18,144,50,1,15.67
3191,2023-10-25,237,25,2,407.58
3192,2023-06-25,390,9,8,2432.8
3193,2024-10-18,336,12,1,293.43
3194,2023-06-20,325,2,2,450.68
3195,2023-08-15,236,17,1,312.67
3196,2023-12-17,441,44,4,1579.12
3197,2024-08-30,319,25,1,203.79
3198,2023-10-01,229,46,1,425.62
3199,2024-01-16,276,31,1,129.06
3200,2023-02-08,108,9,5,1520.5
